"STATION","NAME","DATE","PRCP","SNOW","SNWD","TAVG","TMAX","TMIN"
"USW00013904","AUSTIN BERGSTROM INTERNATIONAL AIRPORT, TX US","2016-01-01","0.00","0.0","0.0","47","50","44"
"USW00013904","AUSTIN BERGSTROM INTERNATIONAL AIRPORT, TX US","2016-01-02","0.22","0.0","0.0","46","48","43"
"USW00013904","AUSTIN BERGSTROM INTERNATIONAL AIRPORT, TX US","2016-01-03","0.00","0.0","0.0","48","61","33"
"USW00013904","AUSTIN BERGSTROM INTERNATIONAL AIRPORT, TX US","2016-01-04","0.00","0.0","0.0","44","58","32"
"USW00013904","AUSTIN BERGSTROM INTERNATIONAL AIRPORT, TX US","2016-01-05","0.00","0.0","0.0","41","57","29"
"USW00013904","AUSTIN BERGSTROM INTERNATIONAL AIRPORT, TX US","2016-01-06","0.64","0.0","0.0","49","53","46"
"USW00013904","AUSTIN BERGSTROM INTERNATIONAL AIRPORT, TX US","2016-01-07","0.00","0.0","0.0","56","72","49"
"USW00013904","AUSTIN BERGSTROM INTERNATIONAL AIRPORT, TX US","2016-01-08","0.00","0.0","0.0","52","66","37"
"USW00013904","AUSTIN BERGSTROM INTERNATIONAL AIRPORT, TX US","2016-01-09","0.00","0.0","0.0","53","60","39"
"USW00013904","AUSTIN BERGSTROM INTERNATIONAL AIRPORT, TX US","2016-01-10","0.00","0.0","0.0","40","50","31"
"USW00013904","AUSTIN BERGSTROM INTERNATIONAL AIRPORT, TX US","2016-01-11","0.00","0.0","0.0","41","57","30"
"USW00013904","AUSTIN BERGSTROM INTERNATIONAL AIRPORT, TX US","2016-01-12","0.00","0.0","0.0","44","65","31"
"USW00013904","AUSTIN BERGSTROM INTERNATIONAL AIRPORT, TX US","2016-01-13","0.00","0.0","0.0","46","66","29"
"USW00013904","AUSTIN BERGSTROM INTERNATIONAL AIRPORT, TX US","2016-01-14","0.00","0.0","0.0","54","71","41"
"USW00013904","AUSTIN BERGSTROM INTERNATIONAL AIRPORT, TX US","2016-01-15","0.00","0.0","0.0","58","70","37"
"USW00013904","AUSTIN BERGSTROM INTERNATIONAL AIRPORT, TX US","2016-01-16","0.01","0.0","0.0","47","64","36"
"USW00013904","AUSTIN BERGSTROM INTERNATIONAL AIRPORT, TX US","2016-01-17","0.00","0.0","0.0","44","57","26"
"USW00013904","AUSTIN BERGSTROM INTERNATIONAL AIRPORT, TX US","2016-01-18","0.00","0.0","0.0","42","58","29"
"USW00013904","AUSTIN BERGSTROM INTERNATIONAL AIRPORT, TX US","2016-01-19","0.00","0.0","0.0","49","70","33"
"USW00013904","AUSTIN BERGSTROM INTERNATIONAL AIRPORT, TX US","2016-01-20","0.00","0.0","0.0","51","56","44"
"USW00013904","AUSTIN BERGSTROM INTERNATIONAL AIRPORT, TX US","2016-01-21","0.01","0.0","0.0","56","66","41"
"USW00013904","AUSTIN BERGSTROM INTERNATIONAL AIRPORT, TX US","2016-01-22","0.00","0.0","0.0","46","55","28"
"USW00013904","AUSTIN BERGSTROM INTERNATIONAL AIRPORT, TX US","2016-01-23","0.00","0.0","0.0","40","58","25"
"USW00013904","AUSTIN BERGSTROM INTERNATIONAL AIRPORT, TX US","2016-01-24","0.00","0.0","0.0","46","70","27"
"USW00013904","AUSTIN BERGSTROM INTERNATIONAL AIRPORT, TX US","2016-01-25","0.00","0.0","0.0","62","73","48"
"USW00013904","AUSTIN BERGSTROM INTERNATIONAL AIRPORT, TX US","2016-01-26","0.16","0.0","0.0","52","57","43"
"USW00013904","AUSTIN BERGSTROM INTERNATIONAL AIRPORT, TX US","2016-01-27","0.00","0.0","0.0","47","58","32"
"USW00013904","AUSTIN BERGSTROM INTERNATIONAL AIRPORT, TX US","2016-01-28","0.00","0.0","0.0","45","72","27"
"USW00013904","AUSTIN BERGSTROM INTERNATIONAL AIRPORT, TX US","2016-01-29","0.00","0.0","0.0","51","75","31"
"USW00013904","AUSTIN BERGSTROM INTERNATIONAL AIRPORT, TX US","2016-01-30","0.00","0.0","0.0","58","77","37"
"USW00013904","AUSTIN BERGSTROM INTERNATIONAL AIRPORT, TX US","2016-01-31","0.00","0.0","0.0","66","80","50"
"USW00013904","AUSTIN BERGSTROM INTERNATIONAL AIRPORT, TX US","2016-02-01","0.00","0.0","0.0","61","78","44"
"USW00013904","AUSTIN BERGSTROM INTERNATIONAL AIRPORT, TX US","2016-02-02","0.00","0.0","0.0","64","72","42"
"USW00013904","AUSTIN BERGSTROM INTERNATIONAL AIRPORT, TX US","2016-02-03","0.00","0.0","0.0","49","59","30"
"USW00013904","AUSTIN BERGSTROM INTERNATIONAL AIRPORT, TX US","2016-02-04","0.00","0.0","0.0","42","58","28"
"USW00013904","AUSTIN BERGSTROM INTERNATIONAL AIRPORT, TX US","2016-02-05","0.00","0.0","0.0","42","61","23"
"USW00013904","AUSTIN BERGSTROM INTERNATIONAL AIRPORT, TX US","2016-02-06","0.00","0.0","0.0","52","61","32"
"USW00013904","AUSTIN BERGSTROM INTERNATIONAL AIRPORT, TX US","2016-02-07","0.00","0.0","0.0","44","66","26"
"USW00013904","AUSTIN BERGSTROM INTERNATIONAL AIRPORT, TX US","2016-02-08","0.00","0.0","0.0","52","65","36"
"USW00013904","AUSTIN BERGSTROM INTERNATIONAL AIRPORT, TX US","2016-02-09","0.00","0.0","0.0","51","73","33"
"USW00013904","AUSTIN BERGSTROM INTERNATIONAL AIRPORT, TX US","2016-02-10","0.00","0.0","0.0","51","73","31"
"USW00013904","AUSTIN BERGSTROM INTERNATIONAL AIRPORT, TX US","2016-02-11","0.00","0.0","0.0","62","80","34"
"USW00013904","AUSTIN BERGSTROM INTERNATIONAL AIRPORT, TX US","2016-02-12","0.00","0.0","0.0","58","79","36"
"USW00013904","AUSTIN BERGSTROM INTERNATIONAL AIRPORT, TX US","2016-02-13","0.00","0.0","0.0","59","74","44"
"USW00013904","AUSTIN BERGSTROM INTERNATIONAL AIRPORT, TX US","2016-02-14","0.00","0.0","0.0","63","76","52"
"USW00013904","AUSTIN BERGSTROM INTERNATIONAL AIRPORT, TX US","2016-02-15","0.00","0.0","0.0","64","75","44"
"USW00013904","AUSTIN BERGSTROM INTERNATIONAL AIRPORT, TX US","2016-02-16","0.00","0.0","0.0","58","82","37"
"USW00013904","AUSTIN BERGSTROM INTERNATIONAL AIRPORT, TX US","2016-02-17","0.00","0.0","0.0","58","75","37"
"USW00013904","AUSTIN BERGSTROM INTERNATIONAL AIRPORT, TX US","2016-02-18","0.00","0.0","0.0","62","80","47"
"USW00013904","AUSTIN BERGSTROM INTERNATIONAL AIRPORT, TX US","2016-02-19","0.00","0.0","0.0","69","81","64"
"USW00013904","AUSTIN BERGSTROM INTERNATIONAL AIRPORT, TX US","2016-02-20","0.00","0.0","0.0","69","77","66"
"USW00013904","AUSTIN BERGSTROM INTERNATIONAL AIRPORT, TX US","2016-02-21","0.00","0.0","0.0","68","72","64"
"USW00013904","AUSTIN BERGSTROM INTERNATIONAL AIRPORT, TX US","2016-02-22","0.00","0.0","0.0","65","70","58"
"USW00013904","AUSTIN BERGSTROM INTERNATIONAL AIRPORT, TX US","2016-02-23","1.14","0.0","0.0","59","62","48"
"USW00013904","AUSTIN BERGSTROM INTERNATIONAL AIRPORT, TX US","2016-02-24","0.00","0.0","0.0","52","65","41"
"USW00013904","AUSTIN BERGSTROM INTERNATIONAL AIRPORT, TX US","2016-02-25","0.00","0.0","0.0","51","69","29"
"USW00013904","AUSTIN BERGSTROM INTERNATIONAL AIRPORT, TX US","2016-02-26","0.00","0.0","0.0","49","65","33"
"USW00013904","AUSTIN BERGSTROM INTERNATIONAL AIRPORT, TX US","2016-02-27","0.00","0.0","0.0","52","72","35"
"USW00013904","AUSTIN BERGSTROM INTERNATIONAL AIRPORT, TX US","2016-02-28","0.00","0.0","0.0","61","77","50"
"USW00013904","AUSTIN BERGSTROM INTERNATIONAL AIRPORT, TX US","2016-02-29","0.00","0.0","0.0","67","78","61"
"USW00013904","AUSTIN BERGSTROM INTERNATIONAL AIRPORT, TX US","2016-03-01","0.00","0.0","0.0","71","82","51"
"USW00013904","AUSTIN BERGSTROM INTERNATIONAL AIRPORT, TX US","2016-03-02","0.00","0.0","0.0","59","77","38"
"USW00013904","AUSTIN BERGSTROM INTERNATIONAL AIRPORT, TX US","2016-03-03","0.00","0.0","0.0","71","82","49"
"USW00013904","AUSTIN BERGSTROM INTERNATIONAL AIRPORT, TX US","2016-03-04","0.00","0.0","0.0","58","75","38"
"USW00013904","AUSTIN BERGSTROM INTERNATIONAL AIRPORT, TX US","2016-03-05","0.00","0.0","0.0","63","77","48"
"USW00013904","AUSTIN BERGSTROM INTERNATIONAL AIRPORT, TX US","2016-03-06","0.00","0.0","0.0","65","78","53"
"USW00013904","AUSTIN BERGSTROM INTERNATIONAL AIRPORT, TX US","2016-03-07","0.00","0.0","0.0","69","78","64"
"USW00013904","AUSTIN BERGSTROM INTERNATIONAL AIRPORT, TX US","2016-03-08","0.12","0.0","0.0","72","82","68"
"USW00013904","AUSTIN BERGSTROM INTERNATIONAL AIRPORT, TX US","2016-03-09","2.56","0.0","0.0","65","70","60"
"USW00013904","AUSTIN BERGSTROM INTERNATIONAL AIRPORT, TX US","2016-03-10","0.37","0.0","0.0","61","65","59"
"USW00013904","AUSTIN BERGSTROM INTERNATIONAL AIRPORT, TX US","2016-03-11","0.13","0.0","0.0","65","75","60"
"USW00013904","AUSTIN BERGSTROM INTERNATIONAL AIRPORT, TX US","2016-03-12","0.00","0.0","0.0","64","74","56"
"USW00013904","AUSTIN BERGSTROM INTERNATIONAL AIRPORT, TX US","2016-03-13","0.00","0.0","0.0","67","85","55"
"USW00013904","AUSTIN BERGSTROM INTERNATIONAL AIRPORT, TX US","2016-03-14","0.00","0.0","0.0","69","88","45"
"USW00013904","AUSTIN BERGSTROM INTERNATIONAL AIRPORT, TX US","2016-03-15","0.00","0.0","0.0","73","86","63"
"USW00013904","AUSTIN BERGSTROM INTERNATIONAL AIRPORT, TX US","2016-03-16","0.00","0.0","0.0","68","79","52"
"USW00013904","AUSTIN BERGSTROM INTERNATIONAL AIRPORT, TX US","2016-03-17","0.01","0.0","0.0","71","80","63"
"USW00013904","AUSTIN BERGSTROM INTERNATIONAL AIRPORT, TX US","2016-03-18","0.06","0.0","0.0","71","78","56"
"USW00013904","AUSTIN BERGSTROM INTERNATIONAL AIRPORT, TX US","2016-03-19","0.00","0.0","0.0","58","63","43"
"USW00013904","AUSTIN BERGSTROM INTERNATIONAL AIRPORT, TX US","2016-03-20","0.00","0.0","0.0","51","63","36"
"USW00013904","AUSTIN BERGSTROM INTERNATIONAL AIRPORT, TX US","2016-03-21","0.00","0.0","0.0","47","66","32"
"USW00013904","AUSTIN BERGSTROM INTERNATIONAL AIRPORT, TX US","2016-03-22","0.00","0.0","0.0","56","78","36"
"USW00013904","AUSTIN BERGSTROM INTERNATIONAL AIRPORT, TX US","2016-03-23","0.01","0.0","0.0","70","81","65"
"USW00013904","AUSTIN BERGSTROM INTERNATIONAL AIRPORT, TX US","2016-03-24","0.50","0.0","0.0","63","69","44"
"USW00013904","AUSTIN BERGSTROM INTERNATIONAL AIRPORT, TX US","2016-03-25","0.00","0.0","0.0","54","73","38"
"USW00013904","AUSTIN BERGSTROM INTERNATIONAL AIRPORT, TX US","2016-03-26","0.00","0.0","0.0","57","73","40"
"USW00013904","AUSTIN BERGSTROM INTERNATIONAL AIRPORT, TX US","2016-03-27","0.01","0.0","0.0","64","73","50"
"USW00013904","AUSTIN BERGSTROM INTERNATIONAL AIRPORT, TX US","2016-03-28","0.00","0.0","0.0","58","74","42"
"USW00013904","AUSTIN BERGSTROM INTERNATIONAL AIRPORT, TX US","2016-03-29","0.01","0.0","0.0","63","71","54"
"USW00013904","AUSTIN BERGSTROM INTERNATIONAL AIRPORT, TX US","2016-03-30","0.03","0.0","0.0","71","77","69"
"USW00013904","AUSTIN BERGSTROM INTERNATIONAL AIRPORT, TX US","2016-03-31","0.00","0.0","0.0","75","85","56"
"USW00013904","AUSTIN BERGSTROM INTERNATIONAL AIRPORT, TX US","2016-04-01","0.16","0.0","0.0","62","64","46"
"USW00013904","AUSTIN BERGSTROM INTERNATIONAL AIRPORT, TX US","2016-04-02","0.00","0.0","0.0","56","74","40"
"USW00013904","AUSTIN BERGSTROM INTERNATIONAL AIRPORT, TX US","2016-04-03","0.00","0.0","0.0","57","77","36"
"USW00013904","AUSTIN BERGSTROM INTERNATIONAL AIRPORT, TX US","2016-04-04","0.00","0.0","0.0","64","81","46"
"USW00013904","AUSTIN BERGSTROM INTERNATIONAL AIRPORT, TX US","2016-04-05","0.00","0.0","0.0","63","81","41"
"USW00013904","AUSTIN BERGSTROM INTERNATIONAL AIRPORT, TX US","2016-04-06","0.00","0.0","0.0","68","81","47"
"USW00013904","AUSTIN BERGSTROM INTERNATIONAL AIRPORT, TX US","2016-04-07","0.00","0.0","0.0","62","84","41"
"USW00013904","AUSTIN BERGSTROM INTERNATIONAL AIRPORT, TX US","2016-04-08","0.00","0.0","0.0","64","80","50"
"USW00013904","AUSTIN BERGSTROM INTERNATIONAL AIRPORT, TX US","2016-04-09","0.00","0.0","0.0","64","79","53"
"USW00013904","AUSTIN BERGSTROM INTERNATIONAL AIRPORT, TX US","2016-04-10","0.00","0.0","0.0","70","81","65"
"USW00013904","AUSTIN BERGSTROM INTERNATIONAL AIRPORT, TX US","2016-04-11","0.00","0.0","0.0","75","86","63"
"USW00013904","AUSTIN BERGSTROM INTERNATIONAL AIRPORT, TX US","2016-04-12","1.68","0.0","0.0","68","70","63"
"USW00013904","AUSTIN BERGSTROM INTERNATIONAL AIRPORT, TX US","2016-04-13","0.40","0.0","0.0","65","72","57"
"USW00013904","AUSTIN BERGSTROM INTERNATIONAL AIRPORT, TX US","2016-04-14","0.00","0.0","0.0","63","75","52"
"USW00013904","AUSTIN BERGSTROM INTERNATIONAL AIRPORT, TX US","2016-04-15","0.00","0.0","0.0","63","79","50"
"USW00013904","AUSTIN BERGSTROM INTERNATIONAL AIRPORT, TX US","2016-04-16","0.20","0.0","0.0","69","75","64"
"USW00013904","AUSTIN BERGSTROM INTERNATIONAL AIRPORT, TX US","2016-04-17","0.27","0.0","0.0","72","78","66"
"USW00013904","AUSTIN BERGSTROM INTERNATIONAL AIRPORT, TX US","2016-04-18","1.29","0.0","0.0","68","74","62"
"USW00013904","AUSTIN BERGSTROM INTERNATIONAL AIRPORT, TX US","2016-04-19","0.00","0.0","0.0","69","80","62"
"USW00013904","AUSTIN BERGSTROM INTERNATIONAL AIRPORT, TX US","2016-04-20","0.41","0.0","0.0","69","80","61"
"USW00013904","AUSTIN BERGSTROM INTERNATIONAL AIRPORT, TX US","2016-04-21","0.51","0.0","0.0","69","82","59"
"USW00013904","AUSTIN BERGSTROM INTERNATIONAL AIRPORT, TX US","2016-04-22","0.00","0.0","0.0","70","82","56"
"USW00013904","AUSTIN BERGSTROM INTERNATIONAL AIRPORT, TX US","2016-04-23","0.00","0.0","0.0","67","82","52"
"USW00013904","AUSTIN BERGSTROM INTERNATIONAL AIRPORT, TX US","2016-04-24","0.00","0.0","0.0","69","78","60"
"USW00013904","AUSTIN BERGSTROM INTERNATIONAL AIRPORT, TX US","2016-04-25","0.00","0.0","0.0","75","88","70"
"USW00013904","AUSTIN BERGSTROM INTERNATIONAL AIRPORT, TX US","2016-04-26","0.00","0.0","0.0","78","86","72"
"USW00013904","AUSTIN BERGSTROM INTERNATIONAL AIRPORT, TX US","2016-04-27","0.44","0.0","0.0","76","90","60"
"USW00013904","AUSTIN BERGSTROM INTERNATIONAL AIRPORT, TX US","2016-04-28","0.00","0.0","0.0","72","87","59"
"USW00013904","AUSTIN BERGSTROM INTERNATIONAL AIRPORT, TX US","2016-04-29","0.02","0.0","0.0","79","84","75"
"USW00013904","AUSTIN BERGSTROM INTERNATIONAL AIRPORT, TX US","2016-04-30","1.10","0.0","0.0","76","85","62"
"USW00013904","AUSTIN BERGSTROM INTERNATIONAL AIRPORT, TX US","2016-05-01","0.09","0.0","0.0","71","78","64"
"USW00013904","AUSTIN BERGSTROM INTERNATIONAL AIRPORT, TX US","2016-05-02","0.05","0.0","0.0","65","66","57"
"USW00013904","AUSTIN BERGSTROM INTERNATIONAL AIRPORT, TX US","2016-05-03","0.00","0.0","0.0","63","76","53"
"USW00013904","AUSTIN BERGSTROM INTERNATIONAL AIRPORT, TX US","2016-05-04","0.00","0.0","0.0","67","85","51"
"USW00013904","AUSTIN BERGSTROM INTERNATIONAL AIRPORT, TX US","2016-05-05","0.00","0.0","0.0","69","86","52"
"USW00013904","AUSTIN BERGSTROM INTERNATIONAL AIRPORT, TX US","2016-05-06","0.00","0.0","0.0","69","85","52"
"USW00013904","AUSTIN BERGSTROM INTERNATIONAL AIRPORT, TX US","2016-05-07","0.00","0.0","0.0","69","85","52"
"USW00013904","AUSTIN BERGSTROM INTERNATIONAL AIRPORT, TX US","2016-05-08","0.05","0.0","0.0","71","74","65"
"USW00013904","AUSTIN BERGSTROM INTERNATIONAL AIRPORT, TX US","2016-05-09","0.00","0.0","0.0","75","87","65"
"USW00013904","AUSTIN BERGSTROM INTERNATIONAL AIRPORT, TX US","2016-05-10","0.37","0.0","0.0","80","91","67"
"USW00013904","AUSTIN BERGSTROM INTERNATIONAL AIRPORT, TX US","2016-05-11","0.26","0.0","0.0","76","86","65"
"USW00013904","AUSTIN BERGSTROM INTERNATIONAL AIRPORT, TX US","2016-05-12","0.00","0.0","0.0","77","85","70"
"USW00013904","AUSTIN BERGSTROM INTERNATIONAL AIRPORT, TX US","2016-05-13","0.00","0.0","0.0","77","88","69"
"USW00013904","AUSTIN BERGSTROM INTERNATIONAL AIRPORT, TX US","2016-05-14","0.74","0.0","0.0","75","81","65"
"USW00013904","AUSTIN BERGSTROM INTERNATIONAL AIRPORT, TX US","2016-05-15","0.20","0.0","0.0","67","73","62"
"USW00013904","AUSTIN BERGSTROM INTERNATIONAL AIRPORT, TX US","2016-05-16","0.72","0.0","0.0","71","81","67"
"USW00013904","AUSTIN BERGSTROM INTERNATIONAL AIRPORT, TX US","2016-05-17","0.25","0.0","0.0","71","82","65"
"USW00013904","AUSTIN BERGSTROM INTERNATIONAL AIRPORT, TX US","2016-05-18","0.14","0.0","0.0","71","79","63"
"USW00013904","AUSTIN BERGSTROM INTERNATIONAL AIRPORT, TX US","2016-05-19","2.75","0.0","0.0","66","75","61"
"USW00013904","AUSTIN BERGSTROM INTERNATIONAL AIRPORT, TX US","2016-05-20","0.00","0.0","0.0","70","82","60"
"USW00013904","AUSTIN BERGSTROM INTERNATIONAL AIRPORT, TX US","2016-05-21","0.00","0.0","0.0","75","84","69"
"USW00013904","AUSTIN BERGSTROM INTERNATIONAL AIRPORT, TX US","2016-05-22","0.00","0.0","0.0","78","88","72"
"USW00013904","AUSTIN BERGSTROM INTERNATIONAL AIRPORT, TX US","2016-05-23","0.01","0.0","0.0","77","85","71"
"USW00013904","AUSTIN BERGSTROM INTERNATIONAL AIRPORT, TX US","2016-05-24","0.00","0.0","0.0","80","88","74"
"USW00013904","AUSTIN BERGSTROM INTERNATIONAL AIRPORT, TX US","2016-05-25","0.00","0.0","0.0","80","86","75"
"USW00013904","AUSTIN BERGSTROM INTERNATIONAL AIRPORT, TX US","2016-05-26","8.79","0.0","0.0","81","88","67"
"USW00013904","AUSTIN BERGSTROM INTERNATIONAL AIRPORT, TX US","2016-05-27","0.28","0.0","0.0","71","77","63"
"USW00013904","AUSTIN BERGSTROM INTERNATIONAL AIRPORT, TX US","2016-05-28","0.04","0.0","0.0","74","91","64"
"USW00013904","AUSTIN BERGSTROM INTERNATIONAL AIRPORT, TX US","2016-05-29","0.15","0.0","0.0","80","90","71"
"USW00013904","AUSTIN BERGSTROM INTERNATIONAL AIRPORT, TX US","2016-05-30","0.26","0.0","0.0","77","88","67"
"USW00013904","AUSTIN BERGSTROM INTERNATIONAL AIRPORT, TX US","2016-05-31","0.67","0.0","0.0","77","83","67"
"USW00013904","AUSTIN BERGSTROM INTERNATIONAL AIRPORT, TX US","2016-06-01","0.00","0.0","0.0","74","88","65"
"USW00013904","AUSTIN BERGSTROM INTERNATIONAL AIRPORT, TX US","2016-06-02","0.48","0.0","0.0","76","84","68"
"USW00013904","AUSTIN BERGSTROM INTERNATIONAL AIRPORT, TX US","2016-06-03","1.54","0.0","0.0","74","85","66"
"USW00013904","AUSTIN BERGSTROM INTERNATIONAL AIRPORT, TX US","2016-06-04","0.03","0.0","0.0","73","87","67"
"USW00013904","AUSTIN BERGSTROM INTERNATIONAL AIRPORT, TX US","2016-06-05","0.00","0.0","0.0","77","89","66"
"USW00013904","AUSTIN BERGSTROM INTERNATIONAL AIRPORT, TX US","2016-06-06","0.00","0.0","0.0","77","90","65"
"USW00013904","AUSTIN BERGSTROM INTERNATIONAL AIRPORT, TX US","2016-06-07","0.00","0.0","0.0","79","91","66"
"USW00013904","AUSTIN BERGSTROM INTERNATIONAL AIRPORT, TX US","2016-06-08","0.00","0.0","0.0","80","92","69"
"USW00013904","AUSTIN BERGSTROM INTERNATIONAL AIRPORT, TX US","2016-06-09","0.00","0.0","0.0","79","92","68"
"USW00013904","AUSTIN BERGSTROM INTERNATIONAL AIRPORT, TX US","2016-06-10","0.00","0.0","0.0","78","92","66"
"USW00013904","AUSTIN BERGSTROM INTERNATIONAL AIRPORT, TX US","2016-06-11","0.00","0.0","0.0","83","93","74"
"USW00013904","AUSTIN BERGSTROM INTERNATIONAL AIRPORT, TX US","2016-06-12","0.00","0.0","0.0","85","94","76"
"USW00013904","AUSTIN BERGSTROM INTERNATIONAL AIRPORT, TX US","2016-06-13","0.00","0.0","0.0","84","94","76"
"USW00013904","AUSTIN BERGSTROM INTERNATIONAL AIRPORT, TX US","2016-06-14","0.00","0.0","0.0","84","94","77"
"USW00013904","AUSTIN BERGSTROM INTERNATIONAL AIRPORT, TX US","2016-06-15","0.00","0.0","0.0","85","96","77"
"USW00013904","AUSTIN BERGSTROM INTERNATIONAL AIRPORT, TX US","2016-06-16","0.00","0.0","0.0","84","95","75"
"USW00013904","AUSTIN BERGSTROM INTERNATIONAL AIRPORT, TX US","2016-06-17","0.00","0.0","0.0","84","96","74"
"USW00013904","AUSTIN BERGSTROM INTERNATIONAL AIRPORT, TX US","2016-06-18","0.00","0.0","0.0","85","97","75"
"USW00013904","AUSTIN BERGSTROM INTERNATIONAL AIRPORT, TX US","2016-06-19","0.00","0.0","0.0","84","93","74"
"USW00013904","AUSTIN BERGSTROM INTERNATIONAL AIRPORT, TX US","2016-06-20","0.00","0.0","0.0","83","95","71"
"USW00013904","AUSTIN BERGSTROM INTERNATIONAL AIRPORT, TX US","2016-06-21","0.00","0.0","0.0","84","95","72"
"USW00013904","AUSTIN BERGSTROM INTERNATIONAL AIRPORT, TX US","2016-06-22","0.00","0.0","0.0","84","95","73"
"USW00013904","AUSTIN BERGSTROM INTERNATIONAL AIRPORT, TX US","2016-06-23","0.00","0.0","0.0","84","94","73"
"USW00013904","AUSTIN BERGSTROM INTERNATIONAL AIRPORT, TX US","2016-06-24","0.00","0.0","0.0","82","94","72"
"USW00013904","AUSTIN BERGSTROM INTERNATIONAL AIRPORT, TX US","2016-06-25","0.02","0.0","0.0","80","88","75"
"USW00013904","AUSTIN BERGSTROM INTERNATIONAL AIRPORT, TX US","2016-06-26","0.00","0.0","0.0","82","95","73"
"USW00013904","AUSTIN BERGSTROM INTERNATIONAL AIRPORT, TX US","2016-06-27","0.00","0.0","0.0","82","95","70"
"USW00013904","AUSTIN BERGSTROM INTERNATIONAL AIRPORT, TX US","2016-06-28","0.56","0.0","0.0","83","100","73"
"USW00013904","AUSTIN BERGSTROM INTERNATIONAL AIRPORT, TX US","2016-06-29","0.00","0.0","0.0","80","94","70"
"USW00013904","AUSTIN BERGSTROM INTERNATIONAL AIRPORT, TX US","2016-06-30","0.00","0.0","0.0","84","95","73"
"USW00013904","AUSTIN BERGSTROM INTERNATIONAL AIRPORT, TX US","2016-07-01","0.00","0.0","0.0","83","95","70"
"USW00013904","AUSTIN BERGSTROM INTERNATIONAL AIRPORT, TX US","2016-07-02","0.00","0.0","0.0","85","97","73"
"USW00013904","AUSTIN BERGSTROM INTERNATIONAL AIRPORT, TX US","2016-07-03","0.00","0.0","0.0","86","98","78"
"USW00013904","AUSTIN BERGSTROM INTERNATIONAL AIRPORT, TX US","2016-07-04","0.00","0.0","0.0","87","99","79"
"USW00013904","AUSTIN BERGSTROM INTERNATIONAL AIRPORT, TX US","2016-07-05","0.00","0.0","0.0","86","99","79"
"USW00013904","AUSTIN BERGSTROM INTERNATIONAL AIRPORT, TX US","2016-07-06","0.00","0.0","0.0","87","98","78"
"USW00013904","AUSTIN BERGSTROM INTERNATIONAL AIRPORT, TX US","2016-07-07","0.00","0.0","0.0","86","98","78"
"USW00013904","AUSTIN BERGSTROM INTERNATIONAL AIRPORT, TX US","2016-07-08","0.00","0.0","0.0","87","99","78"
"USW00013904","AUSTIN BERGSTROM INTERNATIONAL AIRPORT, TX US","2016-07-09","0.00","0.0","0.0","86","98","77"
"USW00013904","AUSTIN BERGSTROM INTERNATIONAL AIRPORT, TX US","2016-07-10","0.00","0.0","0.0","87","97","78"
"USW00013904","AUSTIN BERGSTROM INTERNATIONAL AIRPORT, TX US","2016-07-11","0.00","0.0","0.0","87","99","78"
"USW00013904","AUSTIN BERGSTROM INTERNATIONAL AIRPORT, TX US","2016-07-12","0.00","0.0","0.0","85","99","76"
"USW00013904","AUSTIN BERGSTROM INTERNATIONAL AIRPORT, TX US","2016-07-13","0.00","0.0","0.0","88","100","78"
"USW00013904","AUSTIN BERGSTROM INTERNATIONAL AIRPORT, TX US","2016-07-14","0.00","0.0","0.0","87","99","77"
"USW00013904","AUSTIN BERGSTROM INTERNATIONAL AIRPORT, TX US","2016-07-15","0.00","0.0","0.0","87","100","77"
"USW00013904","AUSTIN BERGSTROM INTERNATIONAL AIRPORT, TX US","2016-07-16","0.00","0.0","0.0","86","98","74"
"USW00013904","AUSTIN BERGSTROM INTERNATIONAL AIRPORT, TX US","2016-07-17","0.00","0.0","0.0","85","98","71"
"USW00013904","AUSTIN BERGSTROM INTERNATIONAL AIRPORT, TX US","2016-07-18","0.00","0.0","0.0","86","98","71"
"USW00013904","AUSTIN BERGSTROM INTERNATIONAL AIRPORT, TX US","2016-07-19","0.00","0.0","0.0","86","98","74"
"USW00013904","AUSTIN BERGSTROM INTERNATIONAL AIRPORT, TX US","2016-07-20","0.00","0.0","0.0","85","99","73"
"USW00013904","AUSTIN BERGSTROM INTERNATIONAL AIRPORT, TX US","2016-07-21","0.00","0.0","0.0","86","100","71"
"USW00013904","AUSTIN BERGSTROM INTERNATIONAL AIRPORT, TX US","2016-07-22","0.00","0.0","0.0","87","100","72"
"USW00013904","AUSTIN BERGSTROM INTERNATIONAL AIRPORT, TX US","2016-07-23","0.00","0.0","0.0","87","100","74"
"USW00013904","AUSTIN BERGSTROM INTERNATIONAL AIRPORT, TX US","2016-07-24","0.00","0.0","0.0","88","100","77"
"USW00013904","AUSTIN BERGSTROM INTERNATIONAL AIRPORT, TX US","2016-07-25","0.34","0.0","0.0","89","100","76"
"USW00013904","AUSTIN BERGSTROM INTERNATIONAL AIRPORT, TX US","2016-07-26","1.13","0.0","0.0","80","91","74"
"USW00013904","AUSTIN BERGSTROM INTERNATIONAL AIRPORT, TX US","2016-07-27","4.18","0.0","0.0","79","92","71"
"USW00013904","AUSTIN BERGSTROM INTERNATIONAL AIRPORT, TX US","2016-07-28","0.00","0.0","0.0","80","95","73"
"USW00013904","AUSTIN BERGSTROM INTERNATIONAL AIRPORT, TX US","2016-07-29","0.00","0.0","0.0","81","95","74"
"USW00013904","AUSTIN BERGSTROM INTERNATIONAL AIRPORT, TX US","2016-07-30","0.00","0.0","0.0","84","95","73"
"USW00013904","AUSTIN BERGSTROM INTERNATIONAL AIRPORT, TX US","2016-07-31","0.00","0.0","0.0","85","96","76"
"USW00013904","AUSTIN BERGSTROM INTERNATIONAL AIRPORT, TX US","2016-08-01","0.00","0.0","0.0","85","97","73"
"USW00013904","AUSTIN BERGSTROM INTERNATIONAL AIRPORT, TX US","2016-08-02","0.00","0.0","0.0","84","96","69"
"USW00013904","AUSTIN BERGSTROM INTERNATIONAL AIRPORT, TX US","2016-08-03","0.00","0.0","0.0","85","97","73"
"USW00013904","AUSTIN BERGSTROM INTERNATIONAL AIRPORT, TX US","2016-08-04","0.00","0.0","0.0","85","97","71"
"USW00013904","AUSTIN BERGSTROM INTERNATIONAL AIRPORT, TX US","2016-08-05","0.00","0.0","0.0","85","97","71"
"USW00013904","AUSTIN BERGSTROM INTERNATIONAL AIRPORT, TX US","2016-08-06","0.00","0.0","0.0","86","97","74"
"USW00013904","AUSTIN BERGSTROM INTERNATIONAL AIRPORT, TX US","2016-08-07","0.00","0.0","0.0","86","98","76"
"USW00013904","AUSTIN BERGSTROM INTERNATIONAL AIRPORT, TX US","2016-08-08","0.00","0.0","0.0","87","98","74"
"USW00013904","AUSTIN BERGSTROM INTERNATIONAL AIRPORT, TX US","2016-08-09","0.00","0.0","0.0","87","98","76"
"USW00013904","AUSTIN BERGSTROM INTERNATIONAL AIRPORT, TX US","2016-08-10","0.00","0.0","0.0","88","99","79"
"USW00013904","AUSTIN BERGSTROM INTERNATIONAL AIRPORT, TX US","2016-08-11","0.00","0.0","0.0","88","100","77"
"USW00013904","AUSTIN BERGSTROM INTERNATIONAL AIRPORT, TX US","2016-08-12","0.19","0.0","0.0","88","102","77"
"USW00013904","AUSTIN BERGSTROM INTERNATIONAL AIRPORT, TX US","2016-08-13","0.01","0.0","0.0","84","93","76"
"USW00013904","AUSTIN BERGSTROM INTERNATIONAL AIRPORT, TX US","2016-08-14","0.88","0.0","0.0","78","86","72"
"USW00013904","AUSTIN BERGSTROM INTERNATIONAL AIRPORT, TX US","2016-08-15","1.66","0.0","0.0","74","78","70"
"USW00013904","AUSTIN BERGSTROM INTERNATIONAL AIRPORT, TX US","2016-08-16","2.05","0.0","0.0","75","81","72"
"USW00013904","AUSTIN BERGSTROM INTERNATIONAL AIRPORT, TX US","2016-08-17","0.04","0.0","0.0","77","84","75"
"USW00013904","AUSTIN BERGSTROM INTERNATIONAL AIRPORT, TX US","2016-08-18","0.28","0.0","0.0","78","89","74"
"USW00013904","AUSTIN BERGSTROM INTERNATIONAL AIRPORT, TX US","2016-08-19","0.00","0.0","0.0","81","93","74"
"USW00013904","AUSTIN BERGSTROM INTERNATIONAL AIRPORT, TX US","2016-08-20","2.52","0.0","0.0","80","83","72"
"USW00013904","AUSTIN BERGSTROM INTERNATIONAL AIRPORT, TX US","2016-08-21","0.06","0.0","0.0","76","81","73"
"USW00013904","AUSTIN BERGSTROM INTERNATIONAL AIRPORT, TX US","2016-08-22","0.06","0.0","0.0","79","92","75"
"USW00013904","AUSTIN BERGSTROM INTERNATIONAL AIRPORT, TX US","2016-08-23","0.00","0.0","0.0","84","93","75"
"USW00013904","AUSTIN BERGSTROM INTERNATIONAL AIRPORT, TX US","2016-08-24","0.00","0.0","0.0","82","93","72"
"USW00013904","AUSTIN BERGSTROM INTERNATIONAL AIRPORT, TX US","2016-08-25","0.00","0.0","0.0","82","92","73"
"USW00013904","AUSTIN BERGSTROM INTERNATIONAL AIRPORT, TX US","2016-08-26","0.00","0.0","0.0","82","94","73"
"USW00013904","AUSTIN BERGSTROM INTERNATIONAL AIRPORT, TX US","2016-08-27","0.00","0.0","0.0","80","92","71"
"USW00013904","AUSTIN BERGSTROM INTERNATIONAL AIRPORT, TX US","2016-08-28","0.00","0.0","0.0","80","91","71"
"USW00013904","AUSTIN BERGSTROM INTERNATIONAL AIRPORT, TX US","2016-08-29","0.56","0.0","0.0","79","91","73"
"USW00013904","AUSTIN BERGSTROM INTERNATIONAL AIRPORT, TX US","2016-08-30","0.00","0.0","0.0","79","91","73"
"USW00013904","AUSTIN BERGSTROM INTERNATIONAL AIRPORT, TX US","2016-08-31","0.00","0.0","0.0","82","94","72"
"USW00013904","AUSTIN BERGSTROM INTERNATIONAL AIRPORT, TX US","2016-09-01","0.00","0.0","0.0","83","95","73"
"USW00013904","AUSTIN BERGSTROM INTERNATIONAL AIRPORT, TX US","2016-09-02","0.12","0.0","0.0","81","91","72"
"USW00013904","AUSTIN BERGSTROM INTERNATIONAL AIRPORT, TX US","2016-09-03","0.00","0.0","0.0","80","91","72"
"USW00013904","AUSTIN BERGSTROM INTERNATIONAL AIRPORT, TX US","2016-09-04","0.00","0.0","0.0","81","92","72"
"USW00013904","AUSTIN BERGSTROM INTERNATIONAL AIRPORT, TX US","2016-09-05","0.03","0.0","0.0","79","92","72"
"USW00013904","AUSTIN BERGSTROM INTERNATIONAL AIRPORT, TX US","2016-09-06","0.63","0.0","0.0","80","93","71"
"USW00013904","AUSTIN BERGSTROM INTERNATIONAL AIRPORT, TX US","2016-09-07","0.00","0.0","0.0","83","94","76"
"USW00013904","AUSTIN BERGSTROM INTERNATIONAL AIRPORT, TX US","2016-09-08","0.00","0.0","0.0","83","93","76"
"USW00013904","AUSTIN BERGSTROM INTERNATIONAL AIRPORT, TX US","2016-09-09","0.00","0.0","0.0","82","93","75"
"USW00013904","AUSTIN BERGSTROM INTERNATIONAL AIRPORT, TX US","2016-09-10","0.22","0.0","0.0","81","91","72"
"USW00013904","AUSTIN BERGSTROM INTERNATIONAL AIRPORT, TX US","2016-09-11","0.00","0.0","0.0","79","91","68"
"USW00013904","AUSTIN BERGSTROM INTERNATIONAL AIRPORT, TX US","2016-09-12","0.00","0.0","0.0","80","92","68"
"USW00013904","AUSTIN BERGSTROM INTERNATIONAL AIRPORT, TX US","2016-09-13","0.00","0.0","0.0","80","92","70"
"USW00013904","AUSTIN BERGSTROM INTERNATIONAL AIRPORT, TX US","2016-09-14","0.00","0.0","0.0","82","92","73"
"USW00013904","AUSTIN BERGSTROM INTERNATIONAL AIRPORT, TX US","2016-09-15","0.00","0.0","0.0","81","93","71"
"USW00013904","AUSTIN BERGSTROM INTERNATIONAL AIRPORT, TX US","2016-09-16","0.00","0.0","0.0","81","94","70"
"USW00013904","AUSTIN BERGSTROM INTERNATIONAL AIRPORT, TX US","2016-09-17","0.00","0.0","0.0","82","96","71"
"USW00013904","AUSTIN BERGSTROM INTERNATIONAL AIRPORT, TX US","2016-09-18","0.00","0.0","0.0","83","96","73"
"USW00013904","AUSTIN BERGSTROM INTERNATIONAL AIRPORT, TX US","2016-09-19","0.00","0.0","0.0","84","96","73"
"USW00013904","AUSTIN BERGSTROM INTERNATIONAL AIRPORT, TX US","2016-09-20","0.00","0.0","0.0","83","97","70"
"USW00013904","AUSTIN BERGSTROM INTERNATIONAL AIRPORT, TX US","2016-09-21","0.00","0.0","0.0","83","94","70"
"USW00013904","AUSTIN BERGSTROM INTERNATIONAL AIRPORT, TX US","2016-09-22","0.00","0.0","0.0","79","93","68"
"USW00013904","AUSTIN BERGSTROM INTERNATIONAL AIRPORT, TX US","2016-09-23","0.01","0.0","0.0","81","91","72"
"USW00013904","AUSTIN BERGSTROM INTERNATIONAL AIRPORT, TX US","2016-09-24","0.05","0.0","0.0","81","93","72"
"USW00013904","AUSTIN BERGSTROM INTERNATIONAL AIRPORT, TX US","2016-09-25","0.41","0.0","0.0","78","84","72"
"USW00013904","AUSTIN BERGSTROM INTERNATIONAL AIRPORT, TX US","2016-09-26","1.70","0.0","0.0","73","76","67"
"USW00013904","AUSTIN BERGSTROM INTERNATIONAL AIRPORT, TX US","2016-09-27","0.00","0.0","0.0","71","80","65"
"USW00013904","AUSTIN BERGSTROM INTERNATIONAL AIRPORT, TX US","2016-09-28","0.00","0.0","0.0","73","90","62"
"USW00013904","AUSTIN BERGSTROM INTERNATIONAL AIRPORT, TX US","2016-09-29","0.00","0.0","0.0","71","86","56"
"USW00013904","AUSTIN BERGSTROM INTERNATIONAL AIRPORT, TX US","2016-09-30","0.00","0.0","0.0","66","81","53"
"USW00013904","AUSTIN BERGSTROM INTERNATIONAL AIRPORT, TX US","2016-10-01","0.00","0.0","0.0","67","81","56"
"USW00013904","AUSTIN BERGSTROM INTERNATIONAL AIRPORT, TX US","2016-10-02","0.00","0.0","0.0","69","85","54"
"USW00013904","AUSTIN BERGSTROM INTERNATIONAL AIRPORT, TX US","2016-10-03","0.00","0.0","0.0","71","87","59"
"USW00013904","AUSTIN BERGSTROM INTERNATIONAL AIRPORT, TX US","2016-10-04","0.00","0.0","0.0","76","91","63"
"USW00013904","AUSTIN BERGSTROM INTERNATIONAL AIRPORT, TX US","2016-10-05","0.00","0.0","0.0","80","92","68"
"USW00013904","AUSTIN BERGSTROM INTERNATIONAL AIRPORT, TX US","2016-10-06","0.00","0.0","0.0","81","92","72"
"USW00013904","AUSTIN BERGSTROM INTERNATIONAL AIRPORT, TX US","2016-10-07","0.00","0.0","0.0","78","89","64"
"USW00013904","AUSTIN BERGSTROM INTERNATIONAL AIRPORT, TX US","2016-10-08","0.00","0.0","0.0","70","84","61"
"USW00013904","AUSTIN BERGSTROM INTERNATIONAL AIRPORT, TX US","2016-10-09","0.00","0.0","0.0","69","82","51"
"USW00013904","AUSTIN BERGSTROM INTERNATIONAL AIRPORT, TX US","2016-10-10","0.00","0.0","0.0","63","84","46"
"USW00013904","AUSTIN BERGSTROM INTERNATIONAL AIRPORT, TX US","2016-10-11","0.00","0.0","0.0","66","88","49"
"USW00013904","AUSTIN BERGSTROM INTERNATIONAL AIRPORT, TX US","2016-10-12","0.00","0.0","0.0","72","91","59"
"USW00013904","AUSTIN BERGSTROM INTERNATIONAL AIRPORT, TX US","2016-10-13","0.25","0.0","0.0","76","89","66"
"USW00013904","AUSTIN BERGSTROM INTERNATIONAL AIRPORT, TX US","2016-10-14","0.00","0.0","0.0","75","87","67"
"USW00013904","AUSTIN BERGSTROM INTERNATIONAL AIRPORT, TX US","2016-10-15","0.00","0.0","0.0","77","91","66"
"USW00013904","AUSTIN BERGSTROM INTERNATIONAL AIRPORT, TX US","2016-10-16","0.00","0.0","0.0","80","92","72"
"USW00013904","AUSTIN BERGSTROM INTERNATIONAL AIRPORT, TX US","2016-10-17","0.00","0.0","0.0","80","93","72"
"USW00013904","AUSTIN BERGSTROM INTERNATIONAL AIRPORT, TX US","2016-10-18","0.00","0.0","0.0","81","92","74"
"USW00013904","AUSTIN BERGSTROM INTERNATIONAL AIRPORT, TX US","2016-10-19","0.00","0.0","0.0","81","91","71"
"USW00013904","AUSTIN BERGSTROM INTERNATIONAL AIRPORT, TX US","2016-10-20","0.00","0.0","0.0","76","83","62"
"USW00013904","AUSTIN BERGSTROM INTERNATIONAL AIRPORT, TX US","2016-10-21","0.00","0.0","0.0","66","76","48"
"USW00013904","AUSTIN BERGSTROM INTERNATIONAL AIRPORT, TX US","2016-10-22","0.00","0.0","0.0","59","80","43"
"USW00013904","AUSTIN BERGSTROM INTERNATIONAL AIRPORT, TX US","2016-10-23","0.01","0.0","0.0","62","84","47"
"USW00013904","AUSTIN BERGSTROM INTERNATIONAL AIRPORT, TX US","2016-10-24","0.01","0.0","0.0","74","86","65"
"USW00013904","AUSTIN BERGSTROM INTERNATIONAL AIRPORT, TX US","2016-10-25","0.00","0.0","0.0","71","86","59"
"USW00013904","AUSTIN BERGSTROM INTERNATIONAL AIRPORT, TX US","2016-10-26","0.00","0.0","0.0","71","87","55"
"USW00013904","AUSTIN BERGSTROM INTERNATIONAL AIRPORT, TX US","2016-10-27","0.00","0.0","0.0","71","87","59"
"USW00013904","AUSTIN BERGSTROM INTERNATIONAL AIRPORT, TX US","2016-10-28","0.00","0.0","0.0","69","85","53"
"USW00013904","AUSTIN BERGSTROM INTERNATIONAL AIRPORT, TX US","2016-10-29","0.00","0.0","0.0","71","85","59"
"USW00013904","AUSTIN BERGSTROM INTERNATIONAL AIRPORT, TX US","2016-10-30","0.00","0.0","0.0","71","88","59"
"USW00013904","AUSTIN BERGSTROM INTERNATIONAL AIRPORT, TX US","2016-10-31","0.00","0.0","0.0","69","84","55"
"USW00013904","AUSTIN BERGSTROM INTERNATIONAL AIRPORT, TX US","2016-11-01","0.06","0.0","0.0","77","91","68"
"USW00013904","AUSTIN BERGSTROM INTERNATIONAL AIRPORT, TX US","2016-11-02","0.00","0.0","0.0","79","88","73"
"USW00013904","AUSTIN BERGSTROM INTERNATIONAL AIRPORT, TX US","2016-11-03","0.87","0.0","0.0","76","84","66"
"USW00013904","AUSTIN BERGSTROM INTERNATIONAL AIRPORT, TX US","2016-11-04","0.00","0.0","0.0","71","74","69"
"USW00013904","AUSTIN BERGSTROM INTERNATIONAL AIRPORT, TX US","2016-11-05","0.00","0.0","0.0","71","76","64"
"USW00013904","AUSTIN BERGSTROM INTERNATIONAL AIRPORT, TX US","2016-11-06","0.60","0.0","0.0","66","78","59"
"USW00013904","AUSTIN BERGSTROM INTERNATIONAL AIRPORT, TX US","2016-11-07","0.01","0.0","0.0","66","75","60"
"USW00013904","AUSTIN BERGSTROM INTERNATIONAL AIRPORT, TX US","2016-11-08","0.05","0.0","0.0","68","72","64"
"USW00013904","AUSTIN BERGSTROM INTERNATIONAL AIRPORT, TX US","2016-11-09","0.70","0.0","0.0","64","66","59"
"USW00013904","AUSTIN BERGSTROM INTERNATIONAL AIRPORT, TX US","2016-11-10","0.00","0.0","0.0","63","71","53"
"USW00013904","AUSTIN BERGSTROM INTERNATIONAL AIRPORT, TX US","2016-11-11","0.00","0.0","0.0","60","74","51"
"USW00013904","AUSTIN BERGSTROM INTERNATIONAL AIRPORT, TX US","2016-11-12","0.00","0.0","0.0","63","76","51"
"USW00013904","AUSTIN BERGSTROM INTERNATIONAL AIRPORT, TX US","2016-11-13","0.00","0.0","0.0","64","76","54"
"USW00013904","AUSTIN BERGSTROM INTERNATIONAL AIRPORT, TX US","2016-11-14","0.00","0.0","0.0","65","82","52"
"USW00013904","AUSTIN BERGSTROM INTERNATIONAL AIRPORT, TX US","2016-11-15","0.00","0.0","0.0","67","87","51"
"USW00013904","AUSTIN BERGSTROM INTERNATIONAL AIRPORT, TX US","2016-11-16","0.00","0.0","0.0","65","87","49"
"USW00013904","AUSTIN BERGSTROM INTERNATIONAL AIRPORT, TX US","2016-11-17","0.00","0.0","0.0","69","84","56"
"USW00013904","AUSTIN BERGSTROM INTERNATIONAL AIRPORT, TX US","2016-11-18","0.00","0.0","0.0","72","81","53"
"USW00013904","AUSTIN BERGSTROM INTERNATIONAL AIRPORT, TX US","2016-11-19","0.00","0.0","0.0","54","63","36"
"USW00013904","AUSTIN BERGSTROM INTERNATIONAL AIRPORT, TX US","2016-11-20","0.00","0.0","0.0","47","68","33"
"USW00013904","AUSTIN BERGSTROM INTERNATIONAL AIRPORT, TX US","2016-11-21","0.00","0.0","0.0","53","78","36"
"USW00013904","AUSTIN BERGSTROM INTERNATIONAL AIRPORT, TX US","2016-11-22","0.02","0.0","0.0","68","79","57"
"USW00013904","AUSTIN BERGSTROM INTERNATIONAL AIRPORT, TX US","2016-11-23","0.10","0.0","0.0","68","73","46"
"USW00013904","AUSTIN BERGSTROM INTERNATIONAL AIRPORT, TX US","2016-11-24","0.00","0.0","0.0","56","77","41"
"USW00013904","AUSTIN BERGSTROM INTERNATIONAL AIRPORT, TX US","2016-11-25","0.02","0.0","0.0","61","66","52"
"USW00013904","AUSTIN BERGSTROM INTERNATIONAL AIRPORT, TX US","2016-11-26","0.00","0.0","0.0","60","70","50"
"USW00013904","AUSTIN BERGSTROM INTERNATIONAL AIRPORT, TX US","2016-11-27","0.00","0.0","0.0","64","78","51"
"USW00013904","AUSTIN BERGSTROM INTERNATIONAL AIRPORT, TX US","2016-11-28","0.00","0.0","0.0","74","81","42"
"USW00013904","AUSTIN BERGSTROM INTERNATIONAL AIRPORT, TX US","2016-11-29","0.00","0.0","0.0","60","80","41"
"USW00013904","AUSTIN BERGSTROM INTERNATIONAL AIRPORT, TX US","2016-11-30","0.00","0.0","0.0","58","67","35"
"USW00013904","AUSTIN BERGSTROM INTERNATIONAL AIRPORT, TX US","2016-12-01","0.00","0.0","0.0","48","70","32"
"USW00013904","AUSTIN BERGSTROM INTERNATIONAL AIRPORT, TX US","2016-12-02","0.14","0.0","0.0","55","65","43"
"USW00013904","AUSTIN BERGSTROM INTERNATIONAL AIRPORT, TX US","2016-12-03","1.79","0.0","0.0","52","55","50"
"USW00013904","AUSTIN BERGSTROM INTERNATIONAL AIRPORT, TX US","2016-12-04","0.54","0.0","0.0","52","53","50"
"USW00013904","AUSTIN BERGSTROM INTERNATIONAL AIRPORT, TX US","2016-12-05","0.55","0.0","0.0","51","54","42"
"USW00013904","AUSTIN BERGSTROM INTERNATIONAL AIRPORT, TX US","2016-12-06","0.00","0.0","0.0","51","60","39"
"USW00013904","AUSTIN BERGSTROM INTERNATIONAL AIRPORT, TX US","2016-12-07","0.00","0.0","0.0","45","55","35"
"USW00013904","AUSTIN BERGSTROM INTERNATIONAL AIRPORT, TX US","2016-12-08","0.00","0.0","0.0","47","53","37"
"USW00013904","AUSTIN BERGSTROM INTERNATIONAL AIRPORT, TX US","2016-12-09","0.00","0.0","0.0","39","46","34"
"USW00013904","AUSTIN BERGSTROM INTERNATIONAL AIRPORT, TX US","2016-12-10","0.00","0.0","0.0","42","54","30"
"USW00013904","AUSTIN BERGSTROM INTERNATIONAL AIRPORT, TX US","2016-12-11","0.01","0.0","0.0","55","65","51"
"USW00013904","AUSTIN BERGSTROM INTERNATIONAL AIRPORT, TX US","2016-12-12","0.00","0.0","0.0","56","67","44"
"USW00013904","AUSTIN BERGSTROM INTERNATIONAL AIRPORT, TX US","2016-12-13","0.00","0.0","0.0","61","78","48"
"USW00013904","AUSTIN BERGSTROM INTERNATIONAL AIRPORT, TX US","2016-12-14","0.00","0.0","0.0","51","58","41"
"USW00013904","AUSTIN BERGSTROM INTERNATIONAL AIRPORT, TX US","2016-12-15","0.00","0.0","0.0","51","55","45"
"USW00013904","AUSTIN BERGSTROM INTERNATIONAL AIRPORT, TX US","2016-12-16","0.00","0.0","0.0","55","66","51"
"USW00013904","AUSTIN BERGSTROM INTERNATIONAL AIRPORT, TX US","2016-12-17","0.03","0.0","0.0","67","79","37"
"USW00013904","AUSTIN BERGSTROM INTERNATIONAL AIRPORT, TX US","2016-12-18","0.00","0.0","0.0","37","37","27"
"USW00013904","AUSTIN BERGSTROM INTERNATIONAL AIRPORT, TX US","2016-12-19","0.00","0.0","0.0","32","45","24"
"USW00013904","AUSTIN BERGSTROM INTERNATIONAL AIRPORT, TX US","2016-12-20","0.00","0.0","0.0","43","60","36"
"USW00013904","AUSTIN BERGSTROM INTERNATIONAL AIRPORT, TX US","2016-12-21","0.00","0.0","0.0","54","71","40"
"USW00013904","AUSTIN BERGSTROM INTERNATIONAL AIRPORT, TX US","2016-12-22","0.00","0.0","0.0","56","68","44"
"USW00013904","AUSTIN BERGSTROM INTERNATIONAL AIRPORT, TX US","2016-12-23","0.05","0.0","0.0","59","73","53"
"USW00013904","AUSTIN BERGSTROM INTERNATIONAL AIRPORT, TX US","2016-12-24","0.00","0.0","0.0","71","78","67"
"USW00013904","AUSTIN BERGSTROM INTERNATIONAL AIRPORT, TX US","2016-12-25","0.00","0.0","0.0","74","82","68"
"USW00013904","AUSTIN BERGSTROM INTERNATIONAL AIRPORT, TX US","2016-12-26","0.00","0.0","0.0","75","85","70"
"USW00013904","AUSTIN BERGSTROM INTERNATIONAL AIRPORT, TX US","2016-12-27","0.00","0.0","0.0","71","76","59"
"USW00013904","AUSTIN BERGSTROM INTERNATIONAL AIRPORT, TX US","2016-12-28","0.00","0.0","0.0","70","85","61"
"USW00013904","AUSTIN BERGSTROM INTERNATIONAL AIRPORT, TX US","2016-12-29","0.00","0.0","0.0","65","71","43"
"USW00013904","AUSTIN BERGSTROM INTERNATIONAL AIRPORT, TX US","2016-12-30","0.00","0.0","0.0","51","56","47"
"USW00013904","AUSTIN BERGSTROM INTERNATIONAL AIRPORT, TX US","2016-12-31","0.00","0.0","0.0","59","79","50"
"USW00013904","AUSTIN BERGSTROM INTERNATIONAL AIRPORT, TX US","2017-01-01","0.00","0.0","0.0","61","76","49"
"USW00013904","AUSTIN BERGSTROM INTERNATIONAL AIRPORT, TX US","2017-01-02","0.46","0.0","0.0","63","77","53"
"USW00013904","AUSTIN BERGSTROM INTERNATIONAL AIRPORT, TX US","2017-01-03","0.00","0.0","0.0","58","77","38"
"USW00013904","AUSTIN BERGSTROM INTERNATIONAL AIRPORT, TX US","2017-01-04","0.00","0.0","0.0","46","48","33"
"USW00013904","AUSTIN BERGSTROM INTERNATIONAL AIRPORT, TX US","2017-01-05","0.00","0.0","0.0","49","64","36"
"USW00013904","AUSTIN BERGSTROM INTERNATIONAL AIRPORT, TX US","2017-01-06","0.00","0.0","0.0","35","36","24"
"USW00013904","AUSTIN BERGSTROM INTERNATIONAL AIRPORT, TX US","2017-01-07","0.00","0.0","0.0","29","43","19"
"USW00013904","AUSTIN BERGSTROM INTERNATIONAL AIRPORT, TX US","2017-01-08","0.00","0.0","0.0","31","53","16"
"USW00013904","AUSTIN BERGSTROM INTERNATIONAL AIRPORT, TX US","2017-01-09","0.00","0.0","0.0","51","73","37"
"USW00013904","AUSTIN BERGSTROM INTERNATIONAL AIRPORT, TX US","2017-01-10","0.00","0.0","0.0","66","81","59"
"USW00013904","AUSTIN BERGSTROM INTERNATIONAL AIRPORT, TX US","2017-01-11","0.00","0.0","0.0","67","81","56"
"USW00013904","AUSTIN BERGSTROM INTERNATIONAL AIRPORT, TX US","2017-01-12","0.00","0.0","0.0","72","83","65"
"USW00013904","AUSTIN BERGSTROM INTERNATIONAL AIRPORT, TX US","2017-01-13","0.28","0.0","0.0","73","81","56"
"USW00013904","AUSTIN BERGSTROM INTERNATIONAL AIRPORT, TX US","2017-01-14","0.13","0.0","0.0","55","56","49"
"USW00013904","AUSTIN BERGSTROM INTERNATIONAL AIRPORT, TX US","2017-01-15","0.48","0.0","0.0","56","76","50"
"USW00013904","AUSTIN BERGSTROM INTERNATIONAL AIRPORT, TX US","2017-01-16","0.78","0.0","0.0","66","70","59"
"USW00013904","AUSTIN BERGSTROM INTERNATIONAL AIRPORT, TX US","2017-01-17","1.02","0.0","0.0","57","59","49"
"USW00013904","AUSTIN BERGSTROM INTERNATIONAL AIRPORT, TX US","2017-01-18","1.50","0.0","0.0","51","57","48"
"USW00013904","AUSTIN BERGSTROM INTERNATIONAL AIRPORT, TX US","2017-01-19","0.00","0.0","0.0","57","69","51"
"USW00013904","AUSTIN BERGSTROM INTERNATIONAL AIRPORT, TX US","2017-01-20","0.00","0.0","0.0","61","78","47"
"USW00013904","AUSTIN BERGSTROM INTERNATIONAL AIRPORT, TX US","2017-01-21","0.00","0.0","0.0","62","84","43"
"USW00013904","AUSTIN BERGSTROM INTERNATIONAL AIRPORT, TX US","2017-01-22","0.00","0.0","0.0","65","70","50"
"USW00013904","AUSTIN BERGSTROM INTERNATIONAL AIRPORT, TX US","2017-01-23","0.00","0.0","0.0","58","76","40"
"USW00013904","AUSTIN BERGSTROM INTERNATIONAL AIRPORT, TX US","2017-01-24","0.00","0.0","0.0","61","85","40"
"USW00013904","AUSTIN BERGSTROM INTERNATIONAL AIRPORT, TX US","2017-01-25","0.00","0.0","0.0","66","69","42"
"USW00013904","AUSTIN BERGSTROM INTERNATIONAL AIRPORT, TX US","2017-01-26","0.00","0.0","0.0","48","59","33"
"USW00013904","AUSTIN BERGSTROM INTERNATIONAL AIRPORT, TX US","2017-01-27","0.00","0.0","0.0","44","58","32"
"USW00013904","AUSTIN BERGSTROM INTERNATIONAL AIRPORT, TX US","2017-01-28","0.00","0.0","0.0","51","61","35"
"USW00013904","AUSTIN BERGSTROM INTERNATIONAL AIRPORT, TX US","2017-01-29","0.00","0.0","0.0","50","71","30"
"USW00013904","AUSTIN BERGSTROM INTERNATIONAL AIRPORT, TX US","2017-01-30","0.00","0.0","0.0","57","81","32"
"USW00013904","AUSTIN BERGSTROM INTERNATIONAL AIRPORT, TX US","2017-01-31","0.00","0.0","0.0","58","78","33"
"USW00013904","AUSTIN BERGSTROM INTERNATIONAL AIRPORT, TX US","2017-02-01","0.00","0.0","0.0","59","83","39"
"USW00013904","AUSTIN BERGSTROM INTERNATIONAL AIRPORT, TX US","2017-02-02","0.00","0.0","0.0","58","66","47"
"USW00013904","AUSTIN BERGSTROM INTERNATIONAL AIRPORT, TX US","2017-02-03","0.00","0.0","0.0","50","54","47"
"USW00013904","AUSTIN BERGSTROM INTERNATIONAL AIRPORT, TX US","2017-02-04","0.02","0.0","0.0","50","53","48"
"USW00013904","AUSTIN BERGSTROM INTERNATIONAL AIRPORT, TX US","2017-02-05","0.02","0.0","0.0","58","75","52"
"USW00013904","AUSTIN BERGSTROM INTERNATIONAL AIRPORT, TX US","2017-02-06","0.00","0.0","0.0","71","81","68"
"USW00013904","AUSTIN BERGSTROM INTERNATIONAL AIRPORT, TX US","2017-02-07","0.00","0.0","0.0","75","88","50"
"USW00013904","AUSTIN BERGSTROM INTERNATIONAL AIRPORT, TX US","2017-02-08","0.00","0.0","0.0","66","86","47"
"USW00013904","AUSTIN BERGSTROM INTERNATIONAL AIRPORT, TX US","2017-02-09","0.00","0.0","0.0","57","67","42"
"USW00013904","AUSTIN BERGSTROM INTERNATIONAL AIRPORT, TX US","2017-02-10","0.00","0.0","0.0","59","80","40"
"USW00013904","AUSTIN BERGSTROM INTERNATIONAL AIRPORT, TX US","2017-02-11","0.00","0.0","0.0","73","88","67"
"USW00013904","AUSTIN BERGSTROM INTERNATIONAL AIRPORT, TX US","2017-02-12","0.00","0.0","0.0","73","84","64"
"USW00013904","AUSTIN BERGSTROM INTERNATIONAL AIRPORT, TX US","2017-02-13","0.00","0.0","0.0","70","80","63"
"USW00013904","AUSTIN BERGSTROM INTERNATIONAL AIRPORT, TX US","2017-02-14","1.24","0.0","0.0","60","68","49"
"USW00013904","AUSTIN BERGSTROM INTERNATIONAL AIRPORT, TX US","2017-02-15","0.00","0.0","0.0","53","66","39"
"USW00013904","AUSTIN BERGSTROM INTERNATIONAL AIRPORT, TX US","2017-02-16","0.00","0.0","0.0","50","69","33"
"USW00013904","AUSTIN BERGSTROM INTERNATIONAL AIRPORT, TX US","2017-02-17","0.00","0.0","0.0","58","77","46"
"USW00013904","AUSTIN BERGSTROM INTERNATIONAL AIRPORT, TX US","2017-02-18","0.00","0.0","0.0","70","87","62"
"USW00013904","AUSTIN BERGSTROM INTERNATIONAL AIRPORT, TX US","2017-02-19","0.12","0.0","0.0","74","81","65"
"USW00013904","AUSTIN BERGSTROM INTERNATIONAL AIRPORT, TX US","2017-02-20","1.25","0.0","0.0","66","71","59"
"USW00013904","AUSTIN BERGSTROM INTERNATIONAL AIRPORT, TX US","2017-02-21","0.00","0.0","0.0","64","80","49"
"USW00013904","AUSTIN BERGSTROM INTERNATIONAL AIRPORT, TX US","2017-02-22","0.00","0.0","0.0","63","86","44"
"USW00013904","AUSTIN BERGSTROM INTERNATIONAL AIRPORT, TX US","2017-02-23","0.00","0.0","0.0","65","90","45"
"USW00013904","AUSTIN BERGSTROM INTERNATIONAL AIRPORT, TX US","2017-02-24","0.00","0.0","0.0","71","82","52"
"USW00013904","AUSTIN BERGSTROM INTERNATIONAL AIRPORT, TX US","2017-02-25","0.00","0.0","0.0","55","63","39"
"USW00013904","AUSTIN BERGSTROM INTERNATIONAL AIRPORT, TX US","2017-02-26","0.01","0.0","0.0","50","73","35"
"USW00013904","AUSTIN BERGSTROM INTERNATIONAL AIRPORT, TX US","2017-02-27","0.00","0.0","0.0","71","83","67"
"USW00013904","AUSTIN BERGSTROM INTERNATIONAL AIRPORT, TX US","2017-02-28","0.00","0.0","0.0","75","82","66"
"USW00013904","AUSTIN BERGSTROM INTERNATIONAL AIRPORT, TX US","2017-03-01","0.00","0.0","0.0","71","73","45"
"USW00013904","AUSTIN BERGSTROM INTERNATIONAL AIRPORT, TX US","2017-03-02","0.00","0.0","0.0","55","67","40"
"USW00013904","AUSTIN BERGSTROM INTERNATIONAL AIRPORT, TX US","2017-03-03","0.00","0.0","0.0","51","70","34"
"USW00013904","AUSTIN BERGSTROM INTERNATIONAL AIRPORT, TX US","2017-03-04","0.78","0.0","0.0","58","60","52"
"USW00013904","AUSTIN BERGSTROM INTERNATIONAL AIRPORT, TX US","2017-03-05","0.44","0.0","0.0","63","75","59"
"USW00013904","AUSTIN BERGSTROM INTERNATIONAL AIRPORT, TX US","2017-03-06","0.00","0.0","0.0","72","85","68"
"USW00013904","AUSTIN BERGSTROM INTERNATIONAL AIRPORT, TX US","2017-03-07","0.00","0.0","0.0","70","77","59"
"USW00013904","AUSTIN BERGSTROM INTERNATIONAL AIRPORT, TX US","2017-03-08","0.00","0.0","0.0","65","76","59"
"USW00013904","AUSTIN BERGSTROM INTERNATIONAL AIRPORT, TX US","2017-03-09","0.00","0.0","0.0","71","81","66"
"USW00013904","AUSTIN BERGSTROM INTERNATIONAL AIRPORT, TX US","2017-03-10","0.00","0.0","0.0","69","83","57"
"USW00013904","AUSTIN BERGSTROM INTERNATIONAL AIRPORT, TX US","2017-03-11","0.68","0.0","0.0","66","68","60"
"USW00013904","AUSTIN BERGSTROM INTERNATIONAL AIRPORT, TX US","2017-03-12","0.00","0.0","0.0","55","64","48"
"USW00013904","AUSTIN BERGSTROM INTERNATIONAL AIRPORT, TX US","2017-03-13","0.02","0.0","0.0","54","69","44"
"USW00013904","AUSTIN BERGSTROM INTERNATIONAL AIRPORT, TX US","2017-03-14","0.00","0.0","0.0","54","72","39"
"USW00013904","AUSTIN BERGSTROM INTERNATIONAL AIRPORT, TX US","2017-03-15","0.00","0.0","0.0","57","75","41"
"USW00013904","AUSTIN BERGSTROM INTERNATIONAL AIRPORT, TX US","2017-03-16","0.01","0.0","0.0","67","80","60"
"USW00013904","AUSTIN BERGSTROM INTERNATIONAL AIRPORT, TX US","2017-03-17","0.00","0.0","0.0","71","83","65"
"USW00013904","AUSTIN BERGSTROM INTERNATIONAL AIRPORT, TX US","2017-03-18","0.00","0.0","0.0","71","84","56"
"USW00013904","AUSTIN BERGSTROM INTERNATIONAL AIRPORT, TX US","2017-03-19","0.00","0.0","0.0","73","84","64"
"USW00013904","AUSTIN BERGSTROM INTERNATIONAL AIRPORT, TX US","2017-03-20","0.00","0.0","0.0","73","85","64"
"USW00013904","AUSTIN BERGSTROM INTERNATIONAL AIRPORT, TX US","2017-03-21","0.00","0.0","0.0","71","84","63"
"USW00013904","AUSTIN BERGSTROM INTERNATIONAL AIRPORT, TX US","2017-03-22","0.00","0.0","0.0","73","83","65"
"USW00013904","AUSTIN BERGSTROM INTERNATIONAL AIRPORT, TX US","2017-03-23","0.00","0.0","0.0","74","86","66"
"USW00013904","AUSTIN BERGSTROM INTERNATIONAL AIRPORT, TX US","2017-03-24","0.09","0.0","0.0","72","83","64"
"USW00013904","AUSTIN BERGSTROM INTERNATIONAL AIRPORT, TX US","2017-03-25","0.00","0.0","0.0","67","82","49"
"USW00013904","AUSTIN BERGSTROM INTERNATIONAL AIRPORT, TX US","2017-03-26","0.00","0.0","0.0","71","86","54"
"USW00013904","AUSTIN BERGSTROM INTERNATIONAL AIRPORT, TX US","2017-03-27","0.00","0.0","0.0","75","84","68"
"USW00013904","AUSTIN BERGSTROM INTERNATIONAL AIRPORT, TX US","2017-03-28","0.00","0.0","0.0","77","88","70"
"USW00013904","AUSTIN BERGSTROM INTERNATIONAL AIRPORT, TX US","2017-03-29","1.31","0.0","0.0","72","85","61"
"USW00013904","AUSTIN BERGSTROM INTERNATIONAL AIRPORT, TX US","2017-03-30","0.00","0.0","0.0","67","81","52"
"USW00013904","AUSTIN BERGSTROM INTERNATIONAL AIRPORT, TX US","2017-03-31","0.00","0.0","0.0","67","86","48"
"USW00013904","AUSTIN BERGSTROM INTERNATIONAL AIRPORT, TX US","2017-04-01","0.00","0.0","0.0","71","79","65"
"USW00013904","AUSTIN BERGSTROM INTERNATIONAL AIRPORT, TX US","2017-04-02","0.77","0.0","0.0","71","79","57"
"USW00013904","AUSTIN BERGSTROM INTERNATIONAL AIRPORT, TX US","2017-04-03","0.00","0.0","0.0","66","87","48"
"USW00013904","AUSTIN BERGSTROM INTERNATIONAL AIRPORT, TX US","2017-04-04","0.00","0.0","0.0","70","88","50"
"USW00013904","AUSTIN BERGSTROM INTERNATIONAL AIRPORT, TX US","2017-04-05","0.00","0.0","0.0","68","74","49"
"USW00013904","AUSTIN BERGSTROM INTERNATIONAL AIRPORT, TX US","2017-04-06","0.00","0.0","0.0","60","78","44"
"USW00013904","AUSTIN BERGSTROM INTERNATIONAL AIRPORT, TX US","2017-04-07","0.00","0.0","0.0","62","80","43"
"USW00013904","AUSTIN BERGSTROM INTERNATIONAL AIRPORT, TX US","2017-04-08","0.00","0.0","0.0","67","81","53"
"USW00013904","AUSTIN BERGSTROM INTERNATIONAL AIRPORT, TX US","2017-04-09","0.00","0.0","0.0","71","82","63"
"USW00013904","AUSTIN BERGSTROM INTERNATIONAL AIRPORT, TX US","2017-04-10","0.07","0.0","0.0","74","81","71"
"USW00013904","AUSTIN BERGSTROM INTERNATIONAL AIRPORT, TX US","2017-04-11","0.10","0.0","0.0","71","73","63"
"USW00013904","AUSTIN BERGSTROM INTERNATIONAL AIRPORT, TX US","2017-04-12","0.00","0.0","0.0","67","79","59"
"USW00013904","AUSTIN BERGSTROM INTERNATIONAL AIRPORT, TX US","2017-04-13","0.00","0.0","0.0","72","84","62"
"USW00013904","AUSTIN BERGSTROM INTERNATIONAL AIRPORT, TX US","2017-04-14","0.00","0.0","0.0","71","83","58"
"USW00013904","AUSTIN BERGSTROM INTERNATIONAL AIRPORT, TX US","2017-04-15","0.00","0.0","0.0","74","85","66"
"USW00013904","AUSTIN BERGSTROM INTERNATIONAL AIRPORT, TX US","2017-04-16","0.00","0.0","0.0","76","86","68"
"USW00013904","AUSTIN BERGSTROM INTERNATIONAL AIRPORT, TX US","2017-04-17","0.05","0.0","0.0","72","79","60"
"USW00013904","AUSTIN BERGSTROM INTERNATIONAL AIRPORT, TX US","2017-04-18","0.00","0.0","0.0","69","81","61"
"USW00013904","AUSTIN BERGSTROM INTERNATIONAL AIRPORT, TX US","2017-04-19","0.00","0.0","0.0","74","86","67"
"USW00013904","AUSTIN BERGSTROM INTERNATIONAL AIRPORT, TX US","2017-04-20","0.00","0.0","0.0","76","88","69"
"USW00013904","AUSTIN BERGSTROM INTERNATIONAL AIRPORT, TX US","2017-04-21","0.00","0.0","0.0","78","89","71"
"USW00013904","AUSTIN BERGSTROM INTERNATIONAL AIRPORT, TX US","2017-04-22","0.00","0.0","0.0","70","73","56"
"USW00013904","AUSTIN BERGSTROM INTERNATIONAL AIRPORT, TX US","2017-04-23","0.00","0.0","0.0","63","77","50"
"USW00013904","AUSTIN BERGSTROM INTERNATIONAL AIRPORT, TX US","2017-04-24","0.00","0.0","0.0","62","82","44"
"USW00013904","AUSTIN BERGSTROM INTERNATIONAL AIRPORT, TX US","2017-04-25","0.00","0.0","0.0","72","91","60"
"USW00013904","AUSTIN BERGSTROM INTERNATIONAL AIRPORT, TX US","2017-04-26","0.00","0.0","0.0","81","92","62"
"USW00013904","AUSTIN BERGSTROM INTERNATIONAL AIRPORT, TX US","2017-04-27","0.00","0.0","0.0","67","85","46"
"USW00013904","AUSTIN BERGSTROM INTERNATIONAL AIRPORT, TX US","2017-04-28","0.00","0.0","0.0","79","95","71"
"USW00013904","AUSTIN BERGSTROM INTERNATIONAL AIRPORT, TX US","2017-04-29","0.07","0.0","0.0","83","92","66"
"USW00013904","AUSTIN BERGSTROM INTERNATIONAL AIRPORT, TX US","2017-04-30","0.09","0.0","0.0","66","78","51"
"USW00013904","AUSTIN BERGSTROM INTERNATIONAL AIRPORT, TX US","2017-05-01","0.00","0.0","0.0","67","89","48"
"USW00013904","AUSTIN BERGSTROM INTERNATIONAL AIRPORT, TX US","2017-05-02","0.00","0.0","0.0","73","91","50"
"USW00013904","AUSTIN BERGSTROM INTERNATIONAL AIRPORT, TX US","2017-05-03","0.00","0.0","0.0","80","94","64"
"USW00013904","AUSTIN BERGSTROM INTERNATIONAL AIRPORT, TX US","2017-05-04","0.00","0.0","0.0","70","80","50"
"USW00013904","AUSTIN BERGSTROM INTERNATIONAL AIRPORT, TX US","2017-05-05","0.00","0.0","0.0","67","86","51"
"USW00013904","AUSTIN BERGSTROM INTERNATIONAL AIRPORT, TX US","2017-05-06","0.00","0.0","0.0","69","88","49"
"USW00013904","AUSTIN BERGSTROM INTERNATIONAL AIRPORT, TX US","2017-05-07","0.00","0.0","0.0","72","88","53"
"USW00013904","AUSTIN BERGSTROM INTERNATIONAL AIRPORT, TX US","2017-05-08","0.00","0.0","0.0","73","86","58"
"USW00013904","AUSTIN BERGSTROM INTERNATIONAL AIRPORT, TX US","2017-05-09","0.05","0.0","0.0","72","80","63"
"USW00013904","AUSTIN BERGSTROM INTERNATIONAL AIRPORT, TX US","2017-05-10","0.00","0.0","0.0","76","84","71"
"USW00013904","AUSTIN BERGSTROM INTERNATIONAL AIRPORT, TX US","2017-05-11","0.00","0.0","0.0","78","90","69"
"USW00013904","AUSTIN BERGSTROM INTERNATIONAL AIRPORT, TX US","2017-05-12","0.00","0.0","0.0","76","90","63"
"USW00013904","AUSTIN BERGSTROM INTERNATIONAL AIRPORT, TX US","2017-05-13","0.00","0.0","0.0","73","88","56"
"USW00013904","AUSTIN BERGSTROM INTERNATIONAL AIRPORT, TX US","2017-05-14","0.00","0.0","0.0","74","92","56"
"USW00013904","AUSTIN BERGSTROM INTERNATIONAL AIRPORT, TX US","2017-05-15","0.00","0.0","0.0","77","92","62"
"USW00013904","AUSTIN BERGSTROM INTERNATIONAL AIRPORT, TX US","2017-05-16","0.00","0.0","0.0","78","87","69"
"USW00013904","AUSTIN BERGSTROM INTERNATIONAL AIRPORT, TX US","2017-05-17","0.12","0.0","0.0","77","87","71"
"USW00013904","AUSTIN BERGSTROM INTERNATIONAL AIRPORT, TX US","2017-05-18","0.00","0.0","0.0","81","93","76"
"USW00013904","AUSTIN BERGSTROM INTERNATIONAL AIRPORT, TX US","2017-05-19","0.00","0.0","0.0","83","96","75"
"USW00013904","AUSTIN BERGSTROM INTERNATIONAL AIRPORT, TX US","2017-05-20","0.75","0.0","0.0","76","83","68"
"USW00013904","AUSTIN BERGSTROM INTERNATIONAL AIRPORT, TX US","2017-05-21","0.58","0.0","0.0","76","79","63"
"USW00013904","AUSTIN BERGSTROM INTERNATIONAL AIRPORT, TX US","2017-05-22","0.14","0.0","0.0","67","76","62"
"USW00013904","AUSTIN BERGSTROM INTERNATIONAL AIRPORT, TX US","2017-05-23","0.26","0.0","0.0","71","86","60"
"USW00013904","AUSTIN BERGSTROM INTERNATIONAL AIRPORT, TX US","2017-05-24","0.00","0.0","0.0","69","88","54"
"USW00013904","AUSTIN BERGSTROM INTERNATIONAL AIRPORT, TX US","2017-05-25","0.00","0.0","0.0","75","95","59"
"USW00013904","AUSTIN BERGSTROM INTERNATIONAL AIRPORT, TX US","2017-05-26","0.00","0.0","0.0","82","93","77"
"USW00013904","AUSTIN BERGSTROM INTERNATIONAL AIRPORT, TX US","2017-05-27","0.00","0.0","0.0","85","98","77"
"USW00013904","AUSTIN BERGSTROM INTERNATIONAL AIRPORT, TX US","2017-05-28","1.07","0.0","0.0","84","94","68"
"USW00013904","AUSTIN BERGSTROM INTERNATIONAL AIRPORT, TX US","2017-05-29","0.00","0.0","0.0","75","87","70"
"USW00013904","AUSTIN BERGSTROM INTERNATIONAL AIRPORT, TX US","2017-05-30","0.00","0.0","0.0","78","88","67"
"USW00013904","AUSTIN BERGSTROM INTERNATIONAL AIRPORT, TX US","2017-05-31","0.02","0.0","0.0","77","86","68"
"USW00013904","AUSTIN BERGSTROM INTERNATIONAL AIRPORT, TX US","2017-06-01","0.03","0.0","0.0","75","89","64"
"USW00013904","AUSTIN BERGSTROM INTERNATIONAL AIRPORT, TX US","2017-06-02","0.00","0.0","0.0","81","92","72"
"USW00013904","AUSTIN BERGSTROM INTERNATIONAL AIRPORT, TX US","2017-06-03","1.04","0.0","0.0","82","93","70"
"USW00013904","AUSTIN BERGSTROM INTERNATIONAL AIRPORT, TX US","2017-06-04","0.01","0.0","0.0","76","90","68"
"USW00013904","AUSTIN BERGSTROM INTERNATIONAL AIRPORT, TX US","2017-06-05","0.83","0.0","0.0","77","91","68"
"USW00013904","AUSTIN BERGSTROM INTERNATIONAL AIRPORT, TX US","2017-06-06","0.00","0.0","0.0","78","92","70"
"USW00013904","AUSTIN BERGSTROM INTERNATIONAL AIRPORT, TX US","2017-06-07","0.00","0.0","0.0","81","95","66"
"USW00013904","AUSTIN BERGSTROM INTERNATIONAL AIRPORT, TX US","2017-06-08","0.00","0.0","0.0","81","93","70"
"USW00013904","AUSTIN BERGSTROM INTERNATIONAL AIRPORT, TX US","2017-06-09","0.00","0.0","0.0","81","91","72"
"USW00013904","AUSTIN BERGSTROM INTERNATIONAL AIRPORT, TX US","2017-06-10","0.00","0.0","0.0","80","92","66"
"USW00013904","AUSTIN BERGSTROM INTERNATIONAL AIRPORT, TX US","2017-06-11","0.00","0.0","0.0","82","94","70"
"USW00013904","AUSTIN BERGSTROM INTERNATIONAL AIRPORT, TX US","2017-06-12","0.00","0.0","0.0","83","95","72"
"USW00013904","AUSTIN BERGSTROM INTERNATIONAL AIRPORT, TX US","2017-06-13","0.00","0.0","0.0","84","96","74"
"USW00013904","AUSTIN BERGSTROM INTERNATIONAL AIRPORT, TX US","2017-06-14","0.02","0.0","0.0","85","95","78"
"USW00013904","AUSTIN BERGSTROM INTERNATIONAL AIRPORT, TX US","2017-06-15","0.00","0.0","0.0","85","98","76"
"USW00013904","AUSTIN BERGSTROM INTERNATIONAL AIRPORT, TX US","2017-06-16","0.00","0.0","0.0","86","98","77"
"USW00013904","AUSTIN BERGSTROM INTERNATIONAL AIRPORT, TX US","2017-06-17","0.00","0.0","0.0","87","100","77"
"USW00013904","AUSTIN BERGSTROM INTERNATIONAL AIRPORT, TX US","2017-06-18","0.00","0.0","0.0","87","98","79"
"USW00013904","AUSTIN BERGSTROM INTERNATIONAL AIRPORT, TX US","2017-06-19","0.00","0.0","0.0","83","92","74"
"USW00013904","AUSTIN BERGSTROM INTERNATIONAL AIRPORT, TX US","2017-06-20","0.00","0.0","0.0","85","96","73"
"USW00013904","AUSTIN BERGSTROM INTERNATIONAL AIRPORT, TX US","2017-06-21","0.00","0.0","0.0","85","96","73"
"USW00013904","AUSTIN BERGSTROM INTERNATIONAL AIRPORT, TX US","2017-06-22","0.00","0.0","0.0","85","99","77"
"USW00013904","AUSTIN BERGSTROM INTERNATIONAL AIRPORT, TX US","2017-06-23","0.00","0.0","0.0","89","102","77"
"USW00013904","AUSTIN BERGSTROM INTERNATIONAL AIRPORT, TX US","2017-06-24","0.06","0.0","0.0","83","85","73"
"USW00013904","AUSTIN BERGSTROM INTERNATIONAL AIRPORT, TX US","2017-06-25","0.00","0.0","0.0","81","90","75"
"USW00013904","AUSTIN BERGSTROM INTERNATIONAL AIRPORT, TX US","2017-06-26","0.43","0.0","0.0","80","93","74"
"USW00013904","AUSTIN BERGSTROM INTERNATIONAL AIRPORT, TX US","2017-06-27","0.01","0.0","0.0","80","92","71"
"USW00013904","AUSTIN BERGSTROM INTERNATIONAL AIRPORT, TX US","2017-06-28","0.00","0.0","0.0","79","93","70"
"USW00013904","AUSTIN BERGSTROM INTERNATIONAL AIRPORT, TX US","2017-06-29","0.00","0.0","0.0","84","97","73"
"USW00013904","AUSTIN BERGSTROM INTERNATIONAL AIRPORT, TX US","2017-06-30","0.00","0.0","0.0","88","98","80"
"USW00013904","AUSTIN BERGSTROM INTERNATIONAL AIRPORT, TX US","2017-07-01","0.00","0.0","0.0","87","97","79"
"USW00013904","AUSTIN BERGSTROM INTERNATIONAL AIRPORT, TX US","2017-07-02","0.00","0.0","0.0","87","98","78"
"USW00013904","AUSTIN BERGSTROM INTERNATIONAL AIRPORT, TX US","2017-07-03","0.00","0.0","0.0","86","98","75"
"USW00013904","AUSTIN BERGSTROM INTERNATIONAL AIRPORT, TX US","2017-07-04","0.00","0.0","0.0","87","99","76"
"USW00013904","AUSTIN BERGSTROM INTERNATIONAL AIRPORT, TX US","2017-07-05","0.00","0.0","0.0","86","98","76"
"USW00013904","AUSTIN BERGSTROM INTERNATIONAL AIRPORT, TX US","2017-07-06","0.32","0.0","0.0","87","99","74"
"USW00013904","AUSTIN BERGSTROM INTERNATIONAL AIRPORT, TX US","2017-07-07","0.52","0.0","0.0","83","98","73"
"USW00013904","AUSTIN BERGSTROM INTERNATIONAL AIRPORT, TX US","2017-07-08","0.00","0.0","0.0","83","97","73"
"USW00013904","AUSTIN BERGSTROM INTERNATIONAL AIRPORT, TX US","2017-07-09","0.00","0.0","0.0","87","98","74"
"USW00013904","AUSTIN BERGSTROM INTERNATIONAL AIRPORT, TX US","2017-07-10","0.00","0.0","0.0","86","98","74"
"USW00013904","AUSTIN BERGSTROM INTERNATIONAL AIRPORT, TX US","2017-07-11","0.00","0.0","0.0","86","98","74"
"USW00013904","AUSTIN BERGSTROM INTERNATIONAL AIRPORT, TX US","2017-07-12","0.00","0.0","0.0","85","98","73"
"USW00013904","AUSTIN BERGSTROM INTERNATIONAL AIRPORT, TX US","2017-07-13","0.00","0.0","0.0","85","99","71"
"USW00013904","AUSTIN BERGSTROM INTERNATIONAL AIRPORT, TX US","2017-07-14","0.00","0.0","0.0","85","100","72"
"USW00013904","AUSTIN BERGSTROM INTERNATIONAL AIRPORT, TX US","2017-07-15","0.22","0.0","0.0","87","102","72"
"USW00013904","AUSTIN BERGSTROM INTERNATIONAL AIRPORT, TX US","2017-07-16","0.00","0.0","0.0","80","97","70"
"USW00013904","AUSTIN BERGSTROM INTERNATIONAL AIRPORT, TX US","2017-07-17","0.00","0.0","0.0","85","97","74"
"USW00013904","AUSTIN BERGSTROM INTERNATIONAL AIRPORT, TX US","2017-07-18","0.00","0.0","0.0","85","98","74"
"USW00013904","AUSTIN BERGSTROM INTERNATIONAL AIRPORT, TX US","2017-07-19","0.00","0.0","0.0","87","100","72"
"USW00013904","AUSTIN BERGSTROM INTERNATIONAL AIRPORT, TX US","2017-07-20","0.00","0.0","0.0","87","101","75"
"USW00013904","AUSTIN BERGSTROM INTERNATIONAL AIRPORT, TX US","2017-07-21","0.00","0.0","0.0","88","101","72"
"USW00013904","AUSTIN BERGSTROM INTERNATIONAL AIRPORT, TX US","2017-07-22","0.00","0.0","0.0","88","101","75"
"USW00013904","AUSTIN BERGSTROM INTERNATIONAL AIRPORT, TX US","2017-07-23","0.00","0.0","0.0","88","101","75"
"USW00013904","AUSTIN BERGSTROM INTERNATIONAL AIRPORT, TX US","2017-07-24","0.00","0.0","0.0","85","101","77"
"USW00013904","AUSTIN BERGSTROM INTERNATIONAL AIRPORT, TX US","2017-07-25","0.00","0.0","0.0","86","100","77"
"USW00013904","AUSTIN BERGSTROM INTERNATIONAL AIRPORT, TX US","2017-07-26","0.00","0.0","0.0","88","101","76"
"USW00013904","AUSTIN BERGSTROM INTERNATIONAL AIRPORT, TX US","2017-07-27","0.00","0.0","0.0","85","101","70"
"USW00013904","AUSTIN BERGSTROM INTERNATIONAL AIRPORT, TX US","2017-07-28","0.00","0.0","0.0","88","102","73"
"USW00013904","AUSTIN BERGSTROM INTERNATIONAL AIRPORT, TX US","2017-07-29","0.00","0.0","0.0","90","106","75"
"USW00013904","AUSTIN BERGSTROM INTERNATIONAL AIRPORT, TX US","2017-07-30","0.00","0.0","0.0","91","105","74"
"USW00013904","AUSTIN BERGSTROM INTERNATIONAL AIRPORT, TX US","2017-07-31","0.00","0.0","0.0","88","99","74"
"USW00013904","AUSTIN BERGSTROM INTERNATIONAL AIRPORT, TX US","2017-08-01","0.00","0.0","0.0","85","99","69"
"USW00013904","AUSTIN BERGSTROM INTERNATIONAL AIRPORT, TX US","2017-08-02","0.01","0.0","0.0","85","89","77"
"USW00013904","AUSTIN BERGSTROM INTERNATIONAL AIRPORT, TX US","2017-08-03","0.04","0.0","0.0","81","95","76"
"USW00013904","AUSTIN BERGSTROM INTERNATIONAL AIRPORT, TX US","2017-08-04","0.00","0.0","0.0","84","98","73"
"USW00013904","AUSTIN BERGSTROM INTERNATIONAL AIRPORT, TX US","2017-08-05","0.00","0.0","0.0","87","101","74"
"USW00013904","AUSTIN BERGSTROM INTERNATIONAL AIRPORT, TX US","2017-08-06","0.00","0.0","0.0","88","102","78"
"USW00013904","AUSTIN BERGSTROM INTERNATIONAL AIRPORT, TX US","2017-08-07","2.87","0.0","0.0","80","85","71"
"USW00013904","AUSTIN BERGSTROM INTERNATIONAL AIRPORT, TX US","2017-08-08","0.00","0.0","0.0","81","93","73"
"USW00013904","AUSTIN BERGSTROM INTERNATIONAL AIRPORT, TX US","2017-08-09","0.00","0.0","0.0","84","96","73"
"USW00013904","AUSTIN BERGSTROM INTERNATIONAL AIRPORT, TX US","2017-08-10","0.00","0.0","0.0","85","98","73"
"USW00013904","AUSTIN BERGSTROM INTERNATIONAL AIRPORT, TX US","2017-08-11","0.00","0.0","0.0","86","98","74"
"USW00013904","AUSTIN BERGSTROM INTERNATIONAL AIRPORT, TX US","2017-08-12","0.00","0.0","0.0","87","99","77"
"USW00013904","AUSTIN BERGSTROM INTERNATIONAL AIRPORT, TX US","2017-08-13","0.00","0.0","0.0","87","99","76"
"USW00013904","AUSTIN BERGSTROM INTERNATIONAL AIRPORT, TX US","2017-08-14","0.00","0.0","0.0","87","99","78"
"USW00013904","AUSTIN BERGSTROM INTERNATIONAL AIRPORT, TX US","2017-08-15","0.00","0.0","0.0","87","98","77"
"USW00013904","AUSTIN BERGSTROM INTERNATIONAL AIRPORT, TX US","2017-08-16","0.00","0.0","0.0","88","100","80"
"USW00013904","AUSTIN BERGSTROM INTERNATIONAL AIRPORT, TX US","2017-08-17","0.00","0.0","0.0","89","100","80"
"USW00013904","AUSTIN BERGSTROM INTERNATIONAL AIRPORT, TX US","2017-08-18","0.00","0.0","0.0","87","100","77"
"USW00013904","AUSTIN BERGSTROM INTERNATIONAL AIRPORT, TX US","2017-08-19","0.00","0.0","0.0","87","100","72"
"USW00013904","AUSTIN BERGSTROM INTERNATIONAL AIRPORT, TX US","2017-08-20","0.00","0.0","0.0","87","99","75"
"USW00013904","AUSTIN BERGSTROM INTERNATIONAL AIRPORT, TX US","2017-08-21","0.00","0.0","0.0","87","97","74"
"USW00013904","AUSTIN BERGSTROM INTERNATIONAL AIRPORT, TX US","2017-08-22","0.00","0.0","0.0","86","99","71"
"USW00013904","AUSTIN BERGSTROM INTERNATIONAL AIRPORT, TX US","2017-08-23","0.00","0.0","0.0","86","101","71"
"USW00013904","AUSTIN BERGSTROM INTERNATIONAL AIRPORT, TX US","2017-08-24","0.00","0.0","0.0","82","96","76"
"USW00013904","AUSTIN BERGSTROM INTERNATIONAL AIRPORT, TX US","2017-08-25","0.05","0.0","0.0","82","90","75"
"USW00013904","AUSTIN BERGSTROM INTERNATIONAL AIRPORT, TX US","2017-08-26","7.47","0.0","0.0","78","78","74"
"USW00013904","AUSTIN BERGSTROM INTERNATIONAL AIRPORT, TX US","2017-08-27","2.20","0.0","0.0","74","76","71"
"USW00013904","AUSTIN BERGSTROM INTERNATIONAL AIRPORT, TX US","2017-08-28","0.35","0.0","0.0","75","85","70"
"USW00013904","AUSTIN BERGSTROM INTERNATIONAL AIRPORT, TX US","2017-08-29","0.00","0.0","0.0","79","89","71"
"USW00013904","AUSTIN BERGSTROM INTERNATIONAL AIRPORT, TX US","2017-08-30","0.00","0.0","0.0","80","92","69"
"USW00013904","AUSTIN BERGSTROM INTERNATIONAL AIRPORT, TX US","2017-08-31","0.00","0.0","0.0","78","93","66"
"USW00013904","AUSTIN BERGSTROM INTERNATIONAL AIRPORT, TX US","2017-09-01","0.00","0.0","0.0","79","94","67"
"USW00013904","AUSTIN BERGSTROM INTERNATIONAL AIRPORT, TX US","2017-09-02","0.00","0.0","0.0","79","94","66"
"USW00013904","AUSTIN BERGSTROM INTERNATIONAL AIRPORT, TX US","2017-09-03","0.00","0.0","0.0","79","92","68"
"USW00013904","AUSTIN BERGSTROM INTERNATIONAL AIRPORT, TX US","2017-09-04","0.00","0.0","0.0","79","91","66"
"USW00013904","AUSTIN BERGSTROM INTERNATIONAL AIRPORT, TX US","2017-09-05","0.00","0.0","0.0","81","95","69"
"USW00013904","AUSTIN BERGSTROM INTERNATIONAL AIRPORT, TX US","2017-09-06","0.00","0.0","0.0","80","87","59"
"USW00013904","AUSTIN BERGSTROM INTERNATIONAL AIRPORT, TX US","2017-09-07","0.00","0.0","0.0","69","84","53"
"USW00013904","AUSTIN BERGSTROM INTERNATIONAL AIRPORT, TX US","2017-09-08","0.00","0.0","0.0","70","85","54"
"USW00013904","AUSTIN BERGSTROM INTERNATIONAL AIRPORT, TX US","2017-09-09","0.00","0.0","0.0","73","87","59"
"USW00013904","AUSTIN BERGSTROM INTERNATIONAL AIRPORT, TX US","2017-09-10","0.00","0.0","0.0","72","87","59"
"USW00013904","AUSTIN BERGSTROM INTERNATIONAL AIRPORT, TX US","2017-09-11","0.00","0.0","0.0","72","87","58"
"USW00013904","AUSTIN BERGSTROM INTERNATIONAL AIRPORT, TX US","2017-09-12","0.00","0.0","0.0","73","92","55"
"USW00013904","AUSTIN BERGSTROM INTERNATIONAL AIRPORT, TX US","2017-09-13","0.00","0.0","0.0","75","92","60"
"USW00013904","AUSTIN BERGSTROM INTERNATIONAL AIRPORT, TX US","2017-09-14","0.00","0.0","0.0","80","94","66"
"USW00013904","AUSTIN BERGSTROM INTERNATIONAL AIRPORT, TX US","2017-09-15","0.00","0.0","0.0","80","92","65"
"USW00013904","AUSTIN BERGSTROM INTERNATIONAL AIRPORT, TX US","2017-09-16","0.00","0.0","0.0","82","93","74"
"USW00013904","AUSTIN BERGSTROM INTERNATIONAL AIRPORT, TX US","2017-09-17","0.00","0.0","0.0","81","93","71"
"USW00013904","AUSTIN BERGSTROM INTERNATIONAL AIRPORT, TX US","2017-09-18","0.00","0.0","0.0","81","95","69"
"USW00013904","AUSTIN BERGSTROM INTERNATIONAL AIRPORT, TX US","2017-09-19","0.00","0.0","0.0","84","94","76"
"USW00013904","AUSTIN BERGSTROM INTERNATIONAL AIRPORT, TX US","2017-09-20","0.00","0.0","0.0","85","95","77"
"USW00013904","AUSTIN BERGSTROM INTERNATIONAL AIRPORT, TX US","2017-09-21","0.00","0.0","0.0","85","96","74"
"USW00013904","AUSTIN BERGSTROM INTERNATIONAL AIRPORT, TX US","2017-09-22","0.00","0.0","0.0","80","91","72"
"USW00013904","AUSTIN BERGSTROM INTERNATIONAL AIRPORT, TX US","2017-09-23","0.00","0.0","0.0","78","92","67"
"USW00013904","AUSTIN BERGSTROM INTERNATIONAL AIRPORT, TX US","2017-09-24","0.00","0.0","0.0","80","92","68"
"USW00013904","AUSTIN BERGSTROM INTERNATIONAL AIRPORT, TX US","2017-09-25","0.02","0.0","0.0","78","91","67"
"USW00013904","AUSTIN BERGSTROM INTERNATIONAL AIRPORT, TX US","2017-09-26","2.49","0.0","0.0","77","83","73"
"USW00013904","AUSTIN BERGSTROM INTERNATIONAL AIRPORT, TX US","2017-09-27","0.01","0.0","0.0","78","86","74"
"USW00013904","AUSTIN BERGSTROM INTERNATIONAL AIRPORT, TX US","2017-09-28","0.75","0.0","0.0","77","87","73"
"USW00013904","AUSTIN BERGSTROM INTERNATIONAL AIRPORT, TX US","2017-09-29","0.54","0.0","0.0","74","78","70"
"USW00013904","AUSTIN BERGSTROM INTERNATIONAL AIRPORT, TX US","2017-09-30","0.00","0.0","0.0","75","86","64"
"USW00013904","AUSTIN BERGSTROM INTERNATIONAL AIRPORT, TX US","2017-10-01","0.00","0.0","0.0","73","88","60"
"USW00013904","AUSTIN BERGSTROM INTERNATIONAL AIRPORT, TX US","2017-10-02","0.00","0.0","0.0","76","90","66"
"USW00013904","AUSTIN BERGSTROM INTERNATIONAL AIRPORT, TX US","2017-10-03","0.94","0.0","0.0","79","86","74"
"USW00013904","AUSTIN BERGSTROM INTERNATIONAL AIRPORT, TX US","2017-10-04","0.00","0.0","0.0","81","89","73"
"USW00013904","AUSTIN BERGSTROM INTERNATIONAL AIRPORT, TX US","2017-10-05","0.00","0.0","0.0","78","89","68"
"USW00013904","AUSTIN BERGSTROM INTERNATIONAL AIRPORT, TX US","2017-10-06","0.00","0.0","0.0","76","87","66"
"USW00013904","AUSTIN BERGSTROM INTERNATIONAL AIRPORT, TX US","2017-10-07","0.00","0.0","0.0","77","89","64"
"USW00013904","AUSTIN BERGSTROM INTERNATIONAL AIRPORT, TX US","2017-10-08","0.00","0.0","0.0","78","91","66"
"USW00013904","AUSTIN BERGSTROM INTERNATIONAL AIRPORT, TX US","2017-10-09","0.00","0.0","0.0","80","92","71"
"USW00013904","AUSTIN BERGSTROM INTERNATIONAL AIRPORT, TX US","2017-10-10","0.00","0.0","0.0","71","78","61"
"USW00013904","AUSTIN BERGSTROM INTERNATIONAL AIRPORT, TX US","2017-10-11","0.00","0.0","0.0","66","78","57"
"USW00013904","AUSTIN BERGSTROM INTERNATIONAL AIRPORT, TX US","2017-10-12","0.00","0.0","0.0","70","87","58"
"USW00013904","AUSTIN BERGSTROM INTERNATIONAL AIRPORT, TX US","2017-10-13","0.00","0.0","0.0","76","89","65"
"USW00013904","AUSTIN BERGSTROM INTERNATIONAL AIRPORT, TX US","2017-10-14","0.00","0.0","0.0","78","89","71"
"USW00013904","AUSTIN BERGSTROM INTERNATIONAL AIRPORT, TX US","2017-10-15","0.00","0.0","0.0","74","79","63"
"USW00013904","AUSTIN BERGSTROM INTERNATIONAL AIRPORT, TX US","2017-10-16","0.00","0.0","0.0","65","76","47"
"USW00013904","AUSTIN BERGSTROM INTERNATIONAL AIRPORT, TX US","2017-10-17","0.00","0.0","0.0","58","77","43"
"USW00013904","AUSTIN BERGSTROM INTERNATIONAL AIRPORT, TX US","2017-10-18","0.00","0.0","0.0","58","82","41"
"USW00013904","AUSTIN BERGSTROM INTERNATIONAL AIRPORT, TX US","2017-10-19","0.00","0.0","0.0","65","83","50"
"USW00013904","AUSTIN BERGSTROM INTERNATIONAL AIRPORT, TX US","2017-10-20","0.01","0.0","0.0","70","83","61"
"USW00013904","AUSTIN BERGSTROM INTERNATIONAL AIRPORT, TX US","2017-10-21","0.00","0.0","0.0","77","90","71"
"USW00013904","AUSTIN BERGSTROM INTERNATIONAL AIRPORT, TX US","2017-10-22","0.70","0.0","0.0","74","78","50"
"USW00013904","AUSTIN BERGSTROM INTERNATIONAL AIRPORT, TX US","2017-10-23","0.00","0.0","0.0","61","81","46"
"USW00013904","AUSTIN BERGSTROM INTERNATIONAL AIRPORT, TX US","2017-10-24","0.00","0.0","0.0","64","77","45"
"USW00013904","AUSTIN BERGSTROM INTERNATIONAL AIRPORT, TX US","2017-10-25","0.00","0.0","0.0","59","81","40"
"USW00013904","AUSTIN BERGSTROM INTERNATIONAL AIRPORT, TX US","2017-10-26","0.00","0.0","0.0","63","83","45"
"USW00013904","AUSTIN BERGSTROM INTERNATIONAL AIRPORT, TX US","2017-10-27","0.00","0.0","0.0","60","65","44"
"USW00013904","AUSTIN BERGSTROM INTERNATIONAL AIRPORT, TX US","2017-10-28","0.00","0.0","0.0","49","62","36"
"USW00013904","AUSTIN BERGSTROM INTERNATIONAL AIRPORT, TX US","2017-10-29","0.00","0.0","0.0","50","75","32"
"USW00013904","AUSTIN BERGSTROM INTERNATIONAL AIRPORT, TX US","2017-10-30","0.00","0.0","0.0","58","79","39"
"USW00013904","AUSTIN BERGSTROM INTERNATIONAL AIRPORT, TX US","2017-10-31","0.73","0.0","0.0","57","61","51"
"USW00013904","AUSTIN BERGSTROM INTERNATIONAL AIRPORT, TX US","2017-11-01","0.12","0.0","0.0","59","78","53"
"USW00013904","AUSTIN BERGSTROM INTERNATIONAL AIRPORT, TX US","2017-11-02","0.00","0.0","0.0","73","84","66"
"USW00013904","AUSTIN BERGSTROM INTERNATIONAL AIRPORT, TX US","2017-11-03","0.00","0.0","0.0","77","87","71"
"USW00013904","AUSTIN BERGSTROM INTERNATIONAL AIRPORT, TX US","2017-11-04","0.01","0.0","0.0","75","81","69"
"USW00013904","AUSTIN BERGSTROM INTERNATIONAL AIRPORT, TX US","2017-11-05","0.00","0.0","0.0","75","89","68"
"USW00013904","AUSTIN BERGSTROM INTERNATIONAL AIRPORT, TX US","2017-11-06","0.00","0.0","0.0","76","87","68"
"USW00013904","AUSTIN BERGSTROM INTERNATIONAL AIRPORT, TX US","2017-11-07","0.00","0.0","0.0","73","83","60"
"USW00013904","AUSTIN BERGSTROM INTERNATIONAL AIRPORT, TX US","2017-11-08","0.21","0.0","0.0","55","60","45"
"USW00013904","AUSTIN BERGSTROM INTERNATIONAL AIRPORT, TX US","2017-11-09","0.00","0.0","0.0","50","57","46"
"USW00013904","AUSTIN BERGSTROM INTERNATIONAL AIRPORT, TX US","2017-11-10","0.00","0.0","0.0","55","63","52"
"USW00013904","AUSTIN BERGSTROM INTERNATIONAL AIRPORT, TX US","2017-11-11","0.00","0.0","0.0","63","75","56"
"USW00013904","AUSTIN BERGSTROM INTERNATIONAL AIRPORT, TX US","2017-11-12","0.00","0.0","0.0","69","77","60"
"USW00013904","AUSTIN BERGSTROM INTERNATIONAL AIRPORT, TX US","2017-11-13","0.00","0.0","0.0","70","79","60"
"USW00013904","AUSTIN BERGSTROM INTERNATIONAL AIRPORT, TX US","2017-11-14","0.00","0.0","0.0","67","80","55"
"USW00013904","AUSTIN BERGSTROM INTERNATIONAL AIRPORT, TX US","2017-11-15","0.00","0.0","0.0","69","73","65"
"USW00013904","AUSTIN BERGSTROM INTERNATIONAL AIRPORT, TX US","2017-11-16","0.08","0.0","0.0","70","83","60"
"USW00013904","AUSTIN BERGSTROM INTERNATIONAL AIRPORT, TX US","2017-11-17","0.00","0.0","0.0","74","84","69"
"USW00013904","AUSTIN BERGSTROM INTERNATIONAL AIRPORT, TX US","2017-11-18","0.00","0.0","0.0","74","84","53"
"USW00013904","AUSTIN BERGSTROM INTERNATIONAL AIRPORT, TX US","2017-11-19","0.00","0.0","0.0","56","65","39"
"USW00013904","AUSTIN BERGSTROM INTERNATIONAL AIRPORT, TX US","2017-11-20","0.00","0.0","0.0","49","69","36"
"USW00013904","AUSTIN BERGSTROM INTERNATIONAL AIRPORT, TX US","2017-11-21","0.00","0.0","0.0","57","75","45"
"USW00013904","AUSTIN BERGSTROM INTERNATIONAL AIRPORT, TX US","2017-11-22","0.00","0.0","0.0","60","65","36"
"USW00013904","AUSTIN BERGSTROM INTERNATIONAL AIRPORT, TX US","2017-11-23","0.00","0.0","0.0","47","71","31"
"USW00013904","AUSTIN BERGSTROM INTERNATIONAL AIRPORT, TX US","2017-11-24","0.00","0.0","0.0","53","76","35"
"USW00013904","AUSTIN BERGSTROM INTERNATIONAL AIRPORT, TX US","2017-11-25","0.00","0.0","0.0","57","81","38"
"USW00013904","AUSTIN BERGSTROM INTERNATIONAL AIRPORT, TX US","2017-11-26","0.00","0.0","0.0","62","76","48"
"USW00013904","AUSTIN BERGSTROM INTERNATIONAL AIRPORT, TX US","2017-11-27","0.00","0.0","0.0","57","75","42"
"USW00013904","AUSTIN BERGSTROM INTERNATIONAL AIRPORT, TX US","2017-11-28","0.00","0.0","0.0","60","79","41"
"USW00013904","AUSTIN BERGSTROM INTERNATIONAL AIRPORT, TX US","2017-11-29","0.00","0.0","0.0","60","72","41"
"USW00013904","AUSTIN BERGSTROM INTERNATIONAL AIRPORT, TX US","2017-11-30","0.00","0.0","0.0","54","75","40"
"USW00013904","AUSTIN BERGSTROM INTERNATIONAL AIRPORT, TX US","2017-12-01","0.00","0.0","0.0","59","76","45"
"USW00013904","AUSTIN BERGSTROM INTERNATIONAL AIRPORT, TX US","2017-12-02","0.00","0.0","0.0","59","78","41"
"USW00013904","AUSTIN BERGSTROM INTERNATIONAL AIRPORT, TX US","2017-12-03","0.02","0.0","0.0","64","73","54"
"USW00013904","AUSTIN BERGSTROM INTERNATIONAL AIRPORT, TX US","2017-12-04","0.00","0.0","0.0","73","85","68"
"USW00013904","AUSTIN BERGSTROM INTERNATIONAL AIRPORT, TX US","2017-12-05","0.05","0.0","0.0","64","71","45"
"USW00013904","AUSTIN BERGSTROM INTERNATIONAL AIRPORT, TX US","2017-12-06","0.93","0.0","0.0","45","45","40"
"USW00013904","AUSTIN BERGSTROM INTERNATIONAL AIRPORT, TX US","2017-12-07","0.39","1.3","0.0","42","47","32"
"USW00013904","AUSTIN BERGSTROM INTERNATIONAL AIRPORT, TX US","2017-12-08","0.00","0.0","1.2","36","48","29"
"USW00013904","AUSTIN BERGSTROM INTERNATIONAL AIRPORT, TX US","2017-12-09","0.00","0.0","0.0","44","67","28"
"USW00013904","AUSTIN BERGSTROM INTERNATIONAL AIRPORT, TX US","2017-12-10","0.00","0.0","0.0","46","68","30"
"USW00013904","AUSTIN BERGSTROM INTERNATIONAL AIRPORT, TX US","2017-12-11","0.00","0.0","0.0","51","77","31"
"USW00013904","AUSTIN BERGSTROM INTERNATIONAL AIRPORT, TX US","2017-12-12","0.00","0.0","0.0","55","64","33"
"USW00013904","AUSTIN BERGSTROM INTERNATIONAL AIRPORT, TX US","2017-12-13","0.00","0.0","0.0","44","62","27"
"USW00013904","AUSTIN BERGSTROM INTERNATIONAL AIRPORT, TX US","2017-12-14","0.00","0.0","0.0","49","64","39"
"USW00013904","AUSTIN BERGSTROM INTERNATIONAL AIRPORT, TX US","2017-12-15","0.00","0.0","0.0","53","59","37"
"USW00013904","AUSTIN BERGSTROM INTERNATIONAL AIRPORT, TX US","2017-12-16","1.29","0.0","0.0","44","54","34"
"USW00013904","AUSTIN BERGSTROM INTERNATIONAL AIRPORT, TX US","2017-12-17","0.00","0.0","0.0","48","57","45"
"USW00013904","AUSTIN BERGSTROM INTERNATIONAL AIRPORT, TX US","2017-12-18","0.03","0.0","0.0","52","57","45"
"USW00013904","AUSTIN BERGSTROM INTERNATIONAL AIRPORT, TX US","2017-12-19","0.86","0.0","0.0","61","72","57"
"USW00013904","AUSTIN BERGSTROM INTERNATIONAL AIRPORT, TX US","2017-12-20","0.00","0.0","0.0","61","77","45"
"USW00013904","AUSTIN BERGSTROM INTERNATIONAL AIRPORT, TX US","2017-12-21","0.00","0.0","0.0","57","78","40"
"USW00013904","AUSTIN BERGSTROM INTERNATIONAL AIRPORT, TX US","2017-12-22","0.05","0.0","0.0","65","73","42"
"USW00013904","AUSTIN BERGSTROM INTERNATIONAL AIRPORT, TX US","2017-12-23","0.00","0.0","0.0","45","56","31"
"USW00013904","AUSTIN BERGSTROM INTERNATIONAL AIRPORT, TX US","2017-12-24","0.00","0.0","0.0","42","63","30"
"USW00013904","AUSTIN BERGSTROM INTERNATIONAL AIRPORT, TX US","2017-12-25","0.00","0.0","0.0","41","55","28"
"USW00013904","AUSTIN BERGSTROM INTERNATIONAL AIRPORT, TX US","2017-12-26","0.02","0.0","0.0","49","51","41"
"USW00013904","AUSTIN BERGSTROM INTERNATIONAL AIRPORT, TX US","2017-12-27","0.01","0.0","0.0","41","41","38"
"USW00013904","AUSTIN BERGSTROM INTERNATIONAL AIRPORT, TX US","2017-12-28","0.00","0.0","0.0","40","49","38"
"USW00013904","AUSTIN BERGSTROM INTERNATIONAL AIRPORT, TX US","2017-12-29","0.00","0.0","0.0","44","49","40"
"USW00013904","AUSTIN BERGSTROM INTERNATIONAL AIRPORT, TX US","2017-12-30","0.00","0.0","0.0","52","64","43"
"USW00013904","AUSTIN BERGSTROM INTERNATIONAL AIRPORT, TX US","2017-12-31","0.00","0.0","0.0","42","43","27"
